bundle_dir,model_name,features_npy,metadata_csv,manifest_json,run_config_json,processed_manifest_path,num_windows,embedding_dim,preprocessing_mode,normalization
experiments/final_frozen_results_2026-06-29/week2/runs/harmonized/papagei_features,papagei,experiments/final_frozen_results_2026-06-29/week2/runs/harmonized/papagei_features/papagei_features.npy,experiments/final_frozen_results_2026-06-29/week2/runs/harmonized/papagei_features/papagei_metadata.csv,experiments/final_frozen_results_2026-06-29/week2/runs/harmonized/papagei_features/papagei_manifest.json,experiments/final_frozen_results_2026-06-29/week2/runs/harmonized/papagei_features/run_config.json,data\processed\galaxyppg_ibi_w10_s2_beat_interval_instant_hr_median_manifest.json,35135,512,harmonized,per_window_zscore
experiments/final_frozen_results_2026-06-29/week2/runs/harmonized/pulseppg_features,pulseppg,experiments/final_frozen_results_2026-06-29/week2/runs/harmonized/pulseppg_features/pulseppg_features.npy,experiments/final_frozen_results_2026-06-29/week2/runs/harmonized/pulseppg_features/pulseppg_metadata.csv,experiments/final_frozen_results_2026-06-29/week2/runs/harmonized/pulseppg_features/pulseppg_manifest.json,experiments/final_frozen_results_2026-06-29/week2/runs/harmonized/pulseppg_features/run_config.json,data\processed\galaxyppg_ibi_w10_s2_beat_interval_instant_hr_median_manifest.json,35135,512,harmonized,per_window_zscore
experiments/final_frozen_results_2026-06-29/week2/runs/inversion_ablation/papagei_features_raw,papagei,experiments/final_frozen_results_2026-06-29/week2/runs/inversion_ablation/papagei_features_raw/papagei_features.npy,experiments/final_frozen_results_2026-06-29/week2/runs/inversion_ablation/papagei_features_raw/papagei_metadata.csv,experiments/final_frozen_results_2026-06-29/week2/runs/inversion_ablation/papagei_features_raw/papagei_manifest.json,experiments/final_frozen_results_2026-06-29/week2/runs/inversion_ablation/papagei_features_raw/run_config.json,data\processed\galaxyppg_ibi_w10_s2_beat_interval_instant_hr_median_manifest.json,35135,512,harmonized,per_window_zscore
experiments/final_frozen_results_2026-06-29/week2/runs/inversion_ablation/pulseppg_features_raw,pulseppg,experiments/final_frozen_results_2026-06-29/week2/runs/inversion_ablation/pulseppg_features_raw/pulseppg_features.npy,experiments/final_frozen_results_2026-06-29/week2/runs/inversion_ablation/pulseppg_features_raw/pulseppg_metadata.csv,experiments/final_frozen_results_2026-06-29/week2/runs/inversion_ablation/pulseppg_features_raw/pulseppg_manifest.json,experiments/final_frozen_results_2026-06-29/week2/runs/inversion_ablation/pulseppg_features_raw/run_config.json,data\processed\galaxyppg_ibi_w10_s2_beat_interval_instant_hr_median_manifest.json,35135,512,harmonized,per_window_zscore
experiments/final_frozen_results_2026-06-29/week2/runs/model_faithful/papagei_features,papagei,experiments/final_frozen_results_2026-06-29/week2/runs/model_faithful/papagei_features/papagei_features.npy,experiments/final_frozen_results_2026-06-29/week2/runs/model_faithful/papagei_features/papagei_metadata.csv,experiments/final_frozen_results_2026-06-29/week2/runs/model_faithful/papagei_features/papagei_manifest.json,experiments/final_frozen_results_2026-06-29/week2/runs/model_faithful/papagei_features/run_config.json,data\processed\galaxyppg_ibi_w10_s2_beat_interval_instant_hr_median_manifest.json,35135,512,model_faithful,per_window_zscore
experiments/final_frozen_results_2026-06-29/week2/runs/model_faithful/pulseppg_features_causal_running_zscore,pulseppg,experiments/final_frozen_results_2026-06-29/week2/runs/model_faithful/pulseppg_features_causal_running_zscore/pulseppg_features.npy,experiments/final_frozen_results_2026-06-29/week2/runs/model_faithful/pulseppg_features_causal_running_zscore/pulseppg_metadata.csv,experiments/final_frozen_results_2026-06-29/week2/runs/model_faithful/pulseppg_features_causal_running_zscore/pulseppg_manifest.json,experiments/final_frozen_results_2026-06-29/week2/runs/model_faithful/pulseppg_features_causal_running_zscore/run_config.json,data\processed\galaxyppg_ibi_w10_s2_beat_interval_instant_hr_median_manifest.json,35135,512,model_faithful,causal_running_zscore
experiments/final_frozen_results_2026-06-29/week2/runs/model_faithful/pulseppg_features_none,pulseppg,experiments/final_frozen_results_2026-06-29/week2/runs/model_faithful/pulseppg_features_none/pulseppg_features.npy,experiments/final_frozen_results_2026-06-29/week2/runs/model_faithful/pulseppg_features_none/pulseppg_metadata.csv,experiments/final_frozen_results_2026-06-29/week2/runs/model_faithful/pulseppg_features_none/pulseppg_manifest.json,experiments/final_frozen_results_2026-06-29/week2/runs/model_faithful/pulseppg_features_none/run_config.json,data\processed\galaxyppg_ibi_w10_s2_beat_interval_instant_hr_median_manifest.json,35135,512,model_faithful,none
experiments/final_frozen_results_2026-06-29/week2/runs/model_faithful/pulseppg_features_per_window_zscore,pulseppg,experiments/final_frozen_results_2026-06-29/week2/runs/model_faithful/pulseppg_features_per_window_zscore/pulseppg_features.npy,experiments/final_frozen_results_2026-06-29/week2/runs/model_faithful/pulseppg_features_per_window_zscore/pulseppg_metadata.csv,experiments/final_frozen_results_2026-06-29/week2/runs/model_faithful/pulseppg_features_per_window_zscore/pulseppg_manifest.json,experiments/final_frozen_results_2026-06-29/week2/runs/model_faithful/pulseppg_features_per_window_zscore/run_config.json,data\processed\galaxyppg_ibi_w10_s2_beat_interval_instant_hr_median_manifest.json,35135,512,model_faithful,per_window_zscore
experiments/final_frozen_results_2026-06-29/week2/runs/model_faithful/pulseppg_features_person_specific_zscore,pulseppg,experiments/final_frozen_results_2026-06-29/week2/runs/model_faithful/pulseppg_features_person_specific_zscore/pulseppg_features.npy,experiments/final_frozen_results_2026-06-29/week2/runs/model_faithful/pulseppg_features_person_specific_zscore/pulseppg_metadata.csv,experiments/final_frozen_results_2026-06-29/week2/runs/model_faithful/pulseppg_features_person_specific_zscore/pulseppg_manifest.json,experiments/final_frozen_results_2026-06-29/week2/runs/model_faithful/pulseppg_features_person_specific_zscore/run_config.json,data\processed\galaxyppg_ibi_w10_s2_beat_interval_instant_hr_median_manifest.json,35135,512,model_faithful,person_specific_zscore
