dataset,model_name,preprocessing_mode,inversion,normalization_strategy,probe_type,regressor_type,activity,MAE,RMSE,median_absolute_error,p95_absolute_error,catastrophic_error_rate_20bpm,n_windows,n_participants
GalaxyPPG,peak_based,harmonized,False,NA,NA,classical_peak,adaptation,2.0479141023038943,2.677318560026681,1.7150007095142854,5.32643475667072,0.0,740,5
GalaxyPPG,peak_based,harmonized,True,NA,NA,classical_peak,adaptation,2.2054344916092496,2.9038161636454562,1.8003273321999984,6.22553286566099,0.0,740,5
GalaxyPPG,pulseppg,harmonized,True,per_window_zscore,NA,random_forest,adaptation,2.2646771675125277,3.041065445556663,1.7113671790977705,5.731048094140777,0.0,740,5
GalaxyPPG,peak_based,harmonized,False,NA,NA,classical_peak,screen-reading,2.282246968587974,3.446451525573152,1.5873847315239118,6.170729153866117,0.002336448598130841,428,5
GalaxyPPG,pulseppg,model_faithful,True,causal_running_zscore,NA,random_forest,adaptation,2.2886214131066014,3.092852095214343,1.7336310599956803,6.301842169006408,0.0,740,5
GalaxyPPG,peak_based,harmonized,False,NA,NA,classical_peak,baseline,2.3556725745534144,4.562676722917276,1.552701305600003,6.487943003268572,0.0117096018735363,427,5
GalaxyPPG,peak_based,harmonized,False,NA,NA,classical_peak,mobile-typing,2.6108972786049667,4.035275498269556,1.8547959724529477,7.204798816132622,0.009302325581395349,430,5
GalaxyPPG,peak_based,harmonized,True,NA,NA,classical_peak,baseline,2.6900179085786586,4.8671593693018185,1.829268292699993,7.204761474861814,0.0117096018735363,427,5
GalaxyPPG,pulseppg,harmonized,True,per_window_zscore,NA,random_forest,baseline,2.7278766081977186,3.7714762773543495,2.0716072583567,7.617867731971004,0.0,427,5
GalaxyPPG,peak_based,harmonized,False,NA,NA,classical_peak,ssst-prep,2.8014726986383462,3.7355777691055887,2.2330139497499957,8.493007087038386,0.0,54,5
GalaxyPPG,pulseppg,model_faithful,True,causal_running_zscore,NA,random_forest,baseline,2.8096822403607664,3.928374111139877,2.001240951204835,8.657112911189934,0.0,427,5
GalaxyPPG,peak_based,harmonized,False,NA,NA,classical_peak,meditation-1,2.9376176320958063,4.893436155211038,1.9210618232285697,8.796687746764523,0.012244897959183673,735,5
GalaxyPPG,peak_based,harmonized,True,NA,NA,classical_peak,screen-reading,3.1300843726276644,4.6821679706999255,1.9143765039235277,9.848167303059286,0.002336448598130841,428,5
GalaxyPPG,pulseppg,harmonized,True,per_window_zscore,NA,random_forest,meditation-1,3.172215027867723,4.085560149934611,2.6574278599765364,7.888120995562205,0.0,735,5
GalaxyPPG,pulseppg,model_faithful,True,causal_running_zscore,NA,random_forest,meditation-1,3.249294601339029,4.169299829846158,2.7032438534990746,7.93568008258227,0.0,735,5
GalaxyPPG,peak_based,harmonized,False,NA,NA,classical_peak,rest-1,3.266051505657107,4.883619334453905,1.9262520638478264,9.609213885746655,0.014336917562724014,279,5
GalaxyPPG,peak_based,harmonized,True,NA,NA,classical_peak,meditation-1,3.2886069511791134,5.056374811594116,2.1269714712529435,9.926030315486841,0.010884353741496598,735,5
GalaxyPPG,pulseppg,harmonized,True,per_window_zscore,NA,random_forest,screen-reading,3.311220963032446,4.217798000435041,2.831955508783782,8.32716956105028,0.0,428,5
GalaxyPPG,pulseppg,model_faithful,True,causal_running_zscore,NA,random_forest,screen-reading,3.467088791112205,4.437856513252255,2.904565742151174,9.035856845985887,0.002336448598130841,428,5
GalaxyPPG,peak_based,harmonized,True,NA,NA,classical_peak,rest-1,3.5080249631573523,4.982460597317533,2.240730876599997,10.037530230310212,0.0,279,5
GalaxyPPG,peak_based,harmonized,True,NA,NA,classical_peak,ssst-prep,3.5310694877982507,5.074487150731359,2.432411738500001,11.211188277714514,0.0,54,5
GalaxyPPG,peak_based,harmonized,False,NA,NA,classical_peak,rest-2,3.545127868785767,6.31417986936295,1.9210618232285697,12.303633734925533,0.028070175438596492,285,5
GalaxyPPG,pulseppg,harmonized,True,per_window_zscore,NA,random_forest,rest-1,3.566914274315455,4.307038003726884,3.4556158650527635,7.856926267576894,0.0,279,5
GalaxyPPG,pulseppg,model_faithful,True,person_specific_zscore,ridge,ridge,adaptation,3.631592484391439,4.702563411407439,2.9649474105089766,9.141267640289826,0.002702702702702703,740,5
GalaxyPPG,pulseppg,model_faithful,True,causal_running_zscore,ridge,ridge,adaptation,3.6337993044735093,4.706541026267899,2.955862780252737,9.120217647965257,0.002702702702702703,740,5
GalaxyPPG,pulseppg,harmonized,True,per_window_zscore,ridge,ridge,adaptation,3.6347193855364135,4.705629638988458,2.9641295620207018,9.167357578690362,0.002702702702702703,740,5
GalaxyPPG,pulseppg,model_faithful,True,per_window_zscore,ridge,ridge,adaptation,3.6347193855364135,4.705629638988458,2.9641295620207018,9.167357578690362,0.002702702702702703,740,5
GalaxyPPG,pulseppg,model_faithful,True,none,ridge,ridge,adaptation,3.636260378891829,4.707550822278624,2.966119351172253,9.176502552445239,0.002702702702702703,740,5
GalaxyPPG,pulseppg,model_faithful,True,causal_running_zscore,NA,random_forest,rest-1,3.6541236409828435,4.443051861188595,3.5300028007216184,8.209288210359528,0.0,279,5
GalaxyPPG,peak_based,harmonized,True,NA,NA,classical_peak,mobile-typing,3.724462748536437,6.287821874918426,2.372166578828569,11.663998139725704,0.02558139534883721,430,5
GalaxyPPG,pulseppg,harmonized,True,per_window_zscore,NA,random_forest,rest-3,3.7414375882757587,5.725439458507169,2.503571618154865,12.076457886713232,0.0176678445229682,283,5
GalaxyPPG,pulseppg,harmonized,False,per_window_zscore,ridge,ridge,adaptation,3.7590675024475453,4.964585265477419,2.9917821908027413,10.598476255808592,0.002702702702702703,740,5
GalaxyPPG,peak_based,harmonized,False,NA,NA,classical_peak,meditation-2,3.7600028320006778,6.291527012130467,2.2865853658999953,12.913531861635072,0.019151846785225718,731,5
GalaxyPPG,pulseppg,model_faithful,True,person_specific_zscore,linear,linear,adaptation,3.761194175353715,4.842407416923207,2.9883451858546906,9.383023844411468,0.0013513513513513514,740,5
GalaxyPPG,pulseppg,model_faithful,True,causal_running_zscore,linear,linear,adaptation,3.764336573466244,4.84723203704054,2.9911167615417966,9.390586315409537,0.0013513513513513514,740,5
GalaxyPPG,pulseppg,harmonized,True,per_window_zscore,linear,linear,adaptation,3.7644013614598038,4.845623989489812,3.0035856060460944,9.397163019826506,0.002702702702702703,740,5
GalaxyPPG,pulseppg,model_faithful,True,per_window_zscore,linear,linear,adaptation,3.7644013614598038,4.845623989489812,3.0035856060460944,9.397163019826506,0.002702702702702703,740,5
GalaxyPPG,pulseppg,model_faithful,True,none,linear,linear,adaptation,3.7659323902073623,4.847556539133802,3.002171243879097,9.394592295339201,0.002702702702702703,740,5
GalaxyPPG,pulseppg,model_faithful,True,causal_running_zscore,NA,random_forest,rest-3,3.7852369109334987,5.768050692030346,2.736618794711731,11.688181225291194,0.0176678445229682,283,5
GalaxyPPG,peak_based,harmonized,True,NA,NA,classical_peak,rest-2,3.8022361979490755,6.782910711294163,2.0068807339000045,13.934737465327373,0.031578947368421054,285,5
GalaxyPPG,peak_based,harmonized,False,NA,NA,classical_peak,rest-3,3.909247132629855,7.458264298907203,1.8410860749470572,12.637464348292623,0.03180212014134275,283,5
GalaxyPPG,pulseppg,model_faithful,True,causal_running_zscore,ridge,ridge,baseline,3.9310200330235183,5.194865026819668,3.182515531662503,10.420972155034917,0.0,427,5
GalaxyPPG,pulseppg,harmonized,True,per_window_zscore,ridge,ridge,baseline,3.93393650235331,5.196571391147352,3.176475032641406,10.397309587896242,0.0,427,5
GalaxyPPG,pulseppg,model_faithful,True,per_window_zscore,ridge,ridge,baseline,3.93393650235331,5.196571391147352,3.176475032641406,10.397309587896242,0.0,427,5
GalaxyPPG,pulseppg,model_faithful,True,person_specific_zscore,ridge,ridge,baseline,3.9351587107481225,5.198040002610195,3.1780271213578146,10.458471392095461,0.0,427,5
GalaxyPPG,pulseppg,model_faithful,True,none,ridge,ridge,baseline,3.935608745032952,5.198338693960352,3.1755213583249997,10.412279222906012,0.0,427,5
GalaxyPPG,pulseppg,model_faithful,True,causal_running_zscore,linear,linear,baseline,3.990633352419514,5.273012683425745,3.111865521137503,10.85178163718976,0.0,427,5
GalaxyPPG,pulseppg,harmonized,True,per_window_zscore,linear,linear,baseline,3.9923663924472925,5.274618416306496,3.1384010951570502,10.8308564968089,0.0,427,5
GalaxyPPG,pulseppg,model_faithful,True,per_window_zscore,linear,linear,baseline,3.9923663924472925,5.274618416306496,3.1384010951570502,10.8308564968089,0.0,427,5
GalaxyPPG,pulseppg,model_faithful,True,person_specific_zscore,linear,linear,baseline,3.9930986445111634,5.275314629490058,3.1590402273312463,10.802755147931949,0.0,427,5
GalaxyPPG,pulseppg,model_faithful,True,none,linear,linear,baseline,3.994149347930619,5.276287020474321,3.1376610438875048,10.828945333478822,0.0,427,5
GalaxyPPG,peak_based,harmonized,True,NA,NA,classical_peak,rest-3,3.999353701375275,6.629405701790237,2.1520803443470555,13.319139929976144,0.028268551236749116,283,5
GalaxyPPG,pulseppg,harmonized,False,per_window_zscore,ridge,ridge,baseline,4.054043395673666,5.412923726883406,3.003147110192188,11.049736874996796,0.00468384074941452,427,5
GalaxyPPG,peak_based,harmonized,False,NA,NA,classical_peak,tsst-prep,4.232227468925516,6.9069504227201755,2.4164352632954547,16.99650220913785,0.03953488372093023,430,5
GalaxyPPG,pulseppg,harmonized,True,per_window_zscore,NA,random_forest,meditation-2,4.260817380600086,5.559558071624135,3.287836792764807,11.376456333414083,0.0013679890560875513,731,5
GalaxyPPG,pulseppg,harmonized,False,per_window_zscore,ridge,ridge,screen-reading,4.285864557094037,5.611872241560275,3.5709006517878876,11.23108249526492,0.004672897196261682,428,5
GalaxyPPG,pulseppg,harmonized,True,per_window_zscore,ridge,ridge,screen-reading,4.304584860762858,5.716448728354632,3.355205791891798,11.505917860537538,0.004672897196261682,428,5
GalaxyPPG,pulseppg,model_faithful,True,per_window_zscore,ridge,ridge,screen-reading,4.304584860762858,5.716448728354632,3.355205791891798,11.505917860537538,0.004672897196261682,428,5
GalaxyPPG,pulseppg,model_faithful,True,none,ridge,ridge,screen-reading,4.3057294566638555,5.716856426102132,3.366593798382816,11.493000151186953,0.004672897196261682,428,5
GalaxyPPG,pulseppg,model_faithful,True,person_specific_zscore,ridge,ridge,screen-reading,4.311523233260528,5.7255908375043125,3.3702708110728494,11.545283597141172,0.004672897196261682,428,5
GalaxyPPG,pulseppg,model_faithful,True,causal_running_zscore,ridge,ridge,screen-reading,4.312164691397372,5.725892041979855,3.3486265000429682,11.53423439777774,0.004672897196261682,428,5
GalaxyPPG,pulseppg,model_faithful,True,causal_running_zscore,NA,random_forest,meditation-2,4.3502897405943575,5.634470682714567,3.4315839864541857,11.57286846109647,0.0,731,5
GalaxyPPG,peak_based,harmonized,True,NA,NA,classical_peak,meditation-2,4.408903644103006,7.138284619617098,2.665651180476914,14.930232979499614,0.030095759233926128,731,5
GalaxyPPG,pulseppg,harmonized,True,per_window_zscore,linear,linear,screen-reading,4.424417240047742,5.8999014421573355,3.507876294633597,12.02591114467808,0.002336448598130841,428,5
GalaxyPPG,pulseppg,model_faithful,True,per_window_zscore,linear,linear,screen-reading,4.424417240047742,5.8999014421573355,3.507876294633597,12.02591114467808,0.002336448598130841,428,5
GalaxyPPG,pulseppg,model_faithful,True,none,linear,linear,screen-reading,4.425634534730851,5.899934647739473,3.512949761200005,12.032742886011087,0.002336448598130841,428,5
GalaxyPPG,pulseppg,harmonized,True,per_window_zscore,NA,random_forest,tsst-prep,4.426967991593948,6.217274000743517,2.8204169746050596,13.784244595573506,0.009302325581395349,430,5
GalaxyPPG,pulseppg,model_faithful,True,person_specific_zscore,linear,linear,screen-reading,4.432335271206393,5.908766949759268,3.5160892867964826,12.007420162622417,0.002336448598130841,428,5
GalaxyPPG,pulseppg,model_faithful,True,causal_running_zscore,linear,linear,screen-reading,4.433027222906995,5.909532802567451,3.51426762693594,12.038349728052106,0.002336448598130841,428,5
GalaxyPPG,pulseppg,model_faithful,True,causal_running_zscore,NA,random_forest,rest-2,4.452284118086094,5.74330644954871,3.849958164053646,12.221617803189531,0.0035087719298245615,285,5
GalaxyPPG,pulseppg,harmonized,True,per_window_zscore,NA,random_forest,rest-2,4.511173176553713,5.897464771913513,3.730813035255295,12.548932319796345,0.0,285,5
GalaxyPPG,pulseppg,model_faithful,True,causal_running_zscore,NA,random_forest,tsst-prep,4.5229559229527005,6.283616304127937,3.0402743039040203,13.74960002805269,0.011627906976744186,430,5
GalaxyPPG,pulseppg,harmonized,False,per_window_zscore,ridge,ridge,meditation-1,4.742875535780292,6.4874045578419555,3.6956086338972653,13.85064557161999,0.013605442176870748,735,5
GalaxyPPG,peak_based,harmonized,True,NA,NA,classical_peak,tsst-prep,4.923936854530837,7.690780724603386,2.7814337087,19.36037749315226,0.044186046511627906,430,5
GalaxyPPG,pulseppg,harmonized,True,per_window_zscore,ridge,ridge,meditation-1,4.941826078941549,6.51793831467889,3.9386647541984416,12.95892559838195,0.009523809523809525,735,5
GalaxyPPG,pulseppg,model_faithful,True,per_window_zscore,ridge,ridge,meditation-1,4.941826078941549,6.51793831467889,3.9386647541984416,12.95892559838195,0.009523809523809525,735,5
GalaxyPPG,pulseppg,model_faithful,True,none,ridge,ridge,meditation-1,4.942352156146381,6.519829287652043,3.9397991088000026,12.974175612465155,0.009523809523809525,735,5
GalaxyPPG,pulseppg,model_faithful,True,person_specific_zscore,ridge,ridge,meditation-1,4.945742965289862,6.523203019082229,3.94332388907344,12.998145121391483,0.009523809523809525,735,5
GalaxyPPG,pulseppg,model_faithful,True,causal_running_zscore,ridge,ridge,meditation-1,4.94745436823483,6.524115099428313,3.9509412589507775,12.93854152477453,0.009523809523809525,735,5
GalaxyPPG,pulseppg,model_faithful,True,none,ridge,ridge,rest-2,4.955859090246724,6.7065642898280675,3.494119766771874,15.63473740800766,0.007017543859649123,285,5
GalaxyPPG,pulseppg,harmonized,True,per_window_zscore,ridge,ridge,rest-2,4.956727208265159,6.707438452360486,3.497232559740624,15.633495342577973,0.007017543859649123,285,5
GalaxyPPG,pulseppg,model_faithful,True,per_window_zscore,ridge,ridge,rest-2,4.956727208265159,6.707438452360486,3.497232559740624,15.633495342577973,0.007017543859649123,285,5
GalaxyPPG,pulseppg,model_faithful,True,causal_running_zscore,ridge,ridge,rest-2,4.957378838867544,6.711799247371275,3.5198480107171974,15.708725750292816,0.007017543859649123,285,5
GalaxyPPG,pulseppg,model_faithful,True,person_specific_zscore,ridge,ridge,rest-2,4.964771762323034,6.717267431972052,3.5146525471695327,15.614882671679533,0.007017543859649123,285,5
GalaxyPPG,pulseppg,harmonized,True,per_window_zscore,NA,random_forest,mobile-typing,4.965808711609516,6.87380396362263,3.056489553911767,14.57802940586054,0.0069767441860465115,430,5
GalaxyPPG,pulseppg,model_faithful,True,causal_running_zscore,ridge,ridge,rest-1,5.014530775659979,6.277802124632824,4.15889947198437,12.697517024979632,0.0,279,5
GalaxyPPG,pulseppg,model_faithful,True,none,linear,linear,rest-2,5.016297558678903,6.765429372263667,3.6747000557750056,15.166941082324064,0.007017543859649123,285,5
GalaxyPPG,pulseppg,harmonized,True,per_window_zscore,linear,linear,rest-2,5.017331662875551,6.766281160243796,3.673181806263287,15.169788372363126,0.007017543859649123,285,5
GalaxyPPG,pulseppg,model_faithful,True,per_window_zscore,linear,linear,rest-2,5.017331662875551,6.766281160243796,3.673181806263287,15.169788372363126,0.007017543859649123,285,5
GalaxyPPG,pulseppg,model_faithful,True,causal_running_zscore,NA,random_forest,mobile-typing,5.017529804940302,6.969064243406892,3.176717674883406,15.204588972841837,0.0069767441860465115,430,5
GalaxyPPG,pulseppg,harmonized,True,per_window_zscore,ridge,ridge,rest-1,5.018923843925722,6.286537619451721,4.1835213160367175,12.73676644514565,0.0,279,5
GalaxyPPG,pulseppg,model_faithful,True,per_window_zscore,ridge,ridge,rest-1,5.018923843925722,6.286537619451721,4.1835213160367175,12.73676644514565,0.0,279,5
GalaxyPPG,pulseppg,model_faithful,True,none,ridge,ridge,rest-1,5.018948031020572,6.286816421600989,4.17906061243437,12.742881023392728,0.0,279,5
GalaxyPPG,pulseppg,model_faithful,True,causal_running_zscore,linear,linear,rest-2,5.01988457133962,6.771912004611007,3.7180350167125056,15.251789104784997,0.007017543859649123,285,5
GalaxyPPG,pulseppg,model_faithful,True,person_specific_zscore,linear,linear,rest-2,5.024986169222306,6.775821676474951,3.6572745186656306,15.1700904774947,0.007017543859649123,285,5
GalaxyPPG,pulseppg,model_faithful,True,person_specific_zscore,ridge,ridge,rest-1,5.0256069747710965,6.291594237603796,4.162515804992182,12.731436931595846,0.0,279,5
GalaxyPPG,pulseppg,harmonized,True,per_window_zscore,linear,linear,meditation-1,5.061627200783505,6.648116552213348,4.048578926364058,13.20657099569968,0.009523809523809525,735,5
GalaxyPPG,pulseppg,model_faithful,True,per_window_zscore,linear,linear,meditation-1,5.061627200783505,6.648116552213348,4.048578926364058,13.20657099569968,0.009523809523809525,735,5
GalaxyPPG,pulseppg,model_faithful,True,none,linear,linear,meditation-1,5.062301986994377,6.650388603585515,4.05925203288281,13.191274822603976,0.009523809523809525,735,5
GalaxyPPG,pulseppg,model_faithful,True,person_specific_zscore,linear,linear,meditation-1,5.0662558402642,6.653942620265144,4.066191311122651,13.180304516207492,0.009523809523809525,735,5
GalaxyPPG,pulseppg,model_faithful,True,causal_running_zscore,linear,linear,meditation-1,5.068139129467727,6.655076481977574,4.049196490890623,13.154871011588508,0.009523809523809525,735,5
GalaxyPPG,pulseppg,model_faithful,True,causal_running_zscore,linear,linear,rest-1,5.098189474324756,6.3833031842510115,4.107849735682038,12.93292965213312,0.0035842293906810036,279,5
GalaxyPPG,pulseppg,harmonized,False,per_window_zscore,ridge,ridge,rest-1,5.099743155441521,6.555365356117082,4.183109265834375,12.022797339536552,0.007168458781362007,279,5
GalaxyPPG,pulseppg,model_faithful,True,none,linear,linear,rest-1,5.102915690222226,6.39267645684566,4.08077664919297,12.988283961215151,0.0035842293906810036,279,5
GalaxyPPG,pulseppg,harmonized,True,per_window_zscore,linear,linear,rest-1,5.102970832423203,6.39245003311583,4.074139075950782,12.980494730868472,0.0035842293906810036,279,5
GalaxyPPG,pulseppg,model_faithful,True,per_window_zscore,linear,linear,rest-1,5.102970832423203,6.39245003311583,4.074139075950782,12.980494730868472,0.0035842293906810036,279,5
GalaxyPPG,pulseppg,model_faithful,True,person_specific_zscore,linear,linear,rest-1,5.108937524838393,6.39787546697746,4.08425565309922,12.970775645175113,0.0035842293906810036,279,5
GalaxyPPG,pulseppg,model_faithful,True,causal_running_zscore,NA,random_forest,tsst-speech,5.180733340135071,7.248083994749776,3.853454430779209,15.509127491354313,0.034482758620689655,435,5
GalaxyPPG,pulseppg,harmonized,True,per_window_zscore,NA,random_forest,tsst-speech,5.195081806246757,7.371506888823885,3.652633345009747,16.162776139493403,0.0367816091954023,435,5
GalaxyPPG,pulseppg,harmonized,False,per_window_zscore,ridge,ridge,rest-3,5.264159019060711,7.271294219549502,3.9435790110527265,13.869554659042576,0.02120141342756184,283,5
GalaxyPPG,pulseppg,harmonized,True,per_window_zscore,ridge,ridge,rest-3,5.3359136344644185,7.357275051977088,3.92514928746796,15.231726808520623,0.02120141342756184,283,5
GalaxyPPG,pulseppg,model_faithful,True,per_window_zscore,ridge,ridge,rest-3,5.3359136344644185,7.357275051977088,3.92514928746796,15.231726808520623,0.02120141342756184,283,5
GalaxyPPG,pulseppg,model_faithful,True,none,ridge,ridge,rest-3,5.336797875898792,7.358110481029395,3.9283307449875053,15.244908113452263,0.02120141342756184,283,5
GalaxyPPG,pulseppg,model_faithful,True,person_specific_zscore,ridge,ridge,rest-3,5.34552838346974,7.369086789695998,3.950278070723442,15.177562684985467,0.02120141342756184,283,5
GalaxyPPG,pulseppg,model_faithful,True,causal_running_zscore,ridge,ridge,rest-3,5.345867055797651,7.368877530750134,3.9557506058562524,15.16843258854992,0.02120141342756184,283,5
GalaxyPPG,pulseppg,harmonized,False,per_window_zscore,ridge,ridge,rest-2,5.351590207785008,7.075878466203127,4.283180034295313,14.412673792170626,0.014035087719298246,285,5
GalaxyPPG,pulseppg,model_faithful,True,person_specific_zscore,ridge,ridge,meditation-2,5.404423243986455,7.220848994859952,4.24024912385039,14.079838675185158,0.02188782489740082,731,5
GalaxyPPG,pulseppg,harmonized,True,per_window_zscore,ridge,ridge,meditation-2,5.404584169382864,7.219063787988438,4.248975273093748,14.045468364860156,0.02188782489740082,731,5
GalaxyPPG,pulseppg,model_faithful,True,per_window_zscore,ridge,ridge,meditation-2,5.404584169382864,7.219063787988438,4.248975273093748,14.045468364860156,0.02188782489740082,731,5
GalaxyPPG,pulseppg,model_faithful,True,none,ridge,ridge,meditation-2,5.405530384508102,7.2206812308649395,4.255704399070311,14.030438457633593,0.02188782489740082,731,5
GalaxyPPG,pulseppg,model_faithful,True,causal_running_zscore,ridge,ridge,meditation-2,5.408086606516883,7.224616536531316,4.246041900112502,13.982888144179299,0.02188782489740082,731,5
GalaxyPPG,pulseppg,harmonized,False,per_window_zscore,ridge,ridge,meditation-2,5.424276363982107,7.583487422941031,3.747024921334372,17.065798051472264,0.027359781121751026,731,5
GalaxyPPG,pulseppg,harmonized,True,per_window_zscore,linear,linear,rest-3,5.451556110264766,7.485524525179436,4.044148102985943,15.265060336334752,0.0176678445229682,283,5
GalaxyPPG,pulseppg,model_faithful,True,per_window_zscore,linear,linear,rest-3,5.451556110264766,7.485524525179436,4.044148102985943,15.265060336334752,0.0176678445229682,283,5
GalaxyPPG,pulseppg,model_faithful,True,none,linear,linear,rest-3,5.452039970240197,7.486531062205427,4.042103425251568,15.252429110748816,0.0176678445229682,283,5
GalaxyPPG,pulseppg,model_faithful,True,person_specific_zscore,linear,linear,rest-3,5.461697486193117,7.497173167989087,4.058582917439068,15.319907290680455,0.0176678445229682,283,5
GalaxyPPG,pulseppg,model_faithful,True,causal_running_zscore,linear,linear,rest-3,5.465093065804054,7.498532143685648,4.049275056110943,15.407095798259242,0.0176678445229682,283,5
GalaxyPPG,pulseppg,harmonized,True,per_window_zscore,linear,linear,meditation-2,5.5211986018888215,7.401434771316132,4.253282487093756,14.528099449987103,0.023255813953488372,731,5
GalaxyPPG,pulseppg,model_faithful,True,per_window_zscore,linear,linear,meditation-2,5.5211986018888215,7.401434771316132,4.253282487093756,14.528099449987103,0.023255813953488372,731,5
GalaxyPPG,pulseppg,model_faithful,True,person_specific_zscore,linear,linear,meditation-2,5.5214872030300235,7.402974918121373,4.257023540467955,14.509017001930467,0.023255813953488372,731,5
GalaxyPPG,pulseppg,model_faithful,True,none,linear,linear,meditation-2,5.522152479725329,7.40290091978202,4.2542743083828185,14.544884117955853,0.023255813953488372,731,5
GalaxyPPG,pulseppg,model_faithful,True,causal_running_zscore,linear,linear,meditation-2,5.526367433188319,7.407710554404298,4.249419214279683,14.497391136998822,0.023255813953488372,731,5
GalaxyPPG,pulseppg,model_faithful,True,none,ridge,ridge,tsst-prep,5.560279334347413,7.538158672603354,4.106908680449216,17.13399682110816,0.020930232558139535,430,5
GalaxyPPG,pulseppg,harmonized,True,per_window_zscore,ridge,ridge,tsst-prep,5.561422270876529,7.539754935788341,4.099403438947263,17.134245539369875,0.020930232558139535,430,5
GalaxyPPG,pulseppg,model_faithful,True,per_window_zscore,ridge,ridge,tsst-prep,5.561422270876529,7.539754935788341,4.099403438947263,17.134245539369875,0.020930232558139535,430,5
GalaxyPPG,pulseppg,model_faithful,True,causal_running_zscore,ridge,ridge,tsst-prep,5.562572366616558,7.539009945342449,4.102161738344911,17.136649734923555,0.023255813953488372,430,5
GalaxyPPG,pulseppg,model_faithful,True,person_specific_zscore,ridge,ridge,tsst-prep,5.5632254339170455,7.545011841200392,4.103935135248435,17.12755036419898,0.023255813953488372,430,5
GalaxyPPG,pulseppg,harmonized,False,per_window_zscore,ridge,ridge,tsst-prep,5.702497641928303,7.796549965465983,4.305294041257426,15.559745627907533,0.030232558139534883,430,5
GalaxyPPG,spectral,harmonized,False,NA,NA,classical_spectral,adaptation,5.703584343596757,9.033214617867797,4.0748429454,16.957906259349965,0.04864864864864865,740,5
GalaxyPPG,spectral,harmonized,True,NA,NA,classical_spectral,adaptation,5.703584343596757,9.033214617867797,4.0748429454,16.957906259349965,0.04864864864864865,740,5
GalaxyPPG,pulseppg,model_faithful,True,none,linear,linear,tsst-prep,5.725287500862097,7.728097024249556,4.068127000857032,17.374769738511446,0.02558139534883721,430,5
GalaxyPPG,pulseppg,harmonized,True,per_window_zscore,linear,linear,tsst-prep,5.72609321191921,7.729622309488409,4.073681200075789,17.399208596543666,0.02558139534883721,430,5
GalaxyPPG,pulseppg,model_faithful,True,per_window_zscore,linear,linear,tsst-prep,5.72609321191921,7.729622309488409,4.073681200075789,17.399208596543666,0.02558139534883721,430,5
GalaxyPPG,pulseppg,model_faithful,True,causal_running_zscore,linear,linear,tsst-prep,5.727464069915906,7.730056013554954,4.12696445646133,17.276056150921512,0.02558139534883721,430,5
GalaxyPPG,pulseppg,model_faithful,True,person_specific_zscore,linear,linear,tsst-prep,5.728485975577176,7.735241695120832,4.131915104664849,17.35733886082588,0.02558139534883721,430,5
GalaxyPPG,pulseppg,model_faithful,True,none,ridge,ridge,mobile-typing,6.014512428680951,7.831126449805178,4.714036491994925,16.695824441647826,0.01627906976744186,430,5
GalaxyPPG,pulseppg,harmonized,True,per_window_zscore,ridge,ridge,mobile-typing,6.016193831907581,7.832228107324878,4.7111106191921905,16.699434671140015,0.01627906976744186,430,5
GalaxyPPG,pulseppg,model_faithful,True,per_window_zscore,ridge,ridge,mobile-typing,6.016193831907581,7.832228107324878,4.7111106191921905,16.699434671140015,0.01627906976744186,430,5
GalaxyPPG,pulseppg,model_faithful,True,person_specific_zscore,ridge,ridge,mobile-typing,6.02274378376395,7.835435716771972,4.696737126165232,16.694783029294314,0.01627906976744186,430,5
GalaxyPPG,pulseppg,model_faithful,True,causal_running_zscore,ridge,ridge,mobile-typing,6.023337330247766,7.839910351666988,4.724075051110546,16.70726115942725,0.013953488372093023,430,5
GalaxyPPG,pulseppg,model_faithful,True,none,linear,linear,mobile-typing,6.100791870930668,7.946615932229233,4.89574695736836,16.990430888371794,0.023255813953488372,430,5
GalaxyPPG,pulseppg,harmonized,True,per_window_zscore,linear,linear,mobile-typing,6.102229798886473,7.947700235946703,4.887530099458203,16.999542674260464,0.023255813953488372,430,5
GalaxyPPG,pulseppg,model_faithful,True,per_window_zscore,linear,linear,mobile-typing,6.102229798886473,7.947700235946703,4.887530099458203,16.999542674260464,0.023255813953488372,430,5
GalaxyPPG,pulseppg,model_faithful,True,person_specific_zscore,linear,linear,mobile-typing,6.10810006564675,7.951399894475633,4.883742105073438,16.97192579193625,0.023255813953488372,430,5
GalaxyPPG,pulseppg,model_faithful,True,causal_running_zscore,linear,linear,mobile-typing,6.1098563336712495,7.956677810152095,4.897955419975389,17.127830846586594,0.02558139534883721,430,5
GalaxyPPG,pulseppg,harmonized,True,per_window_zscore,NA,random_forest,ssst-prep,6.1236538547217645,7.864930079876363,5.072319423835772,17.150081875589684,0.037037037037037035,54,5
GalaxyPPG,peak_based,harmonized,False,NA,NA,classical_peak,standing,6.129242153459911,12.783215825140632,2.3195876288999955,35.065055165969895,0.08624708624708624,429,5
GalaxyPPG,pulseppg,model_faithful,True,causal_running_zscore,NA,random_forest,ssst-prep,6.136356674081745,7.898824456722199,4.817467276288731,16.99537445462281,0.018518518518518517,54,5
GalaxyPPG,pulseppg,model_faithful,True,causal_running_zscore,NA,random_forest,standing,6.1859384269509485,8.30687066431127,4.365286053062434,16.504384133811072,0.02564102564102564,429,5
GalaxyPPG,peak_based,harmonized,True,NA,NA,classical_peak,standing,6.216483430405665,12.669974565252636,2.3983842464470513,40.43432828704615,0.09090909090909091,429,5
GalaxyPPG,pulseppg,harmonized,True,per_window_zscore,NA,random_forest,standing,6.2860564482944215,8.316462434436062,4.578579898099548,15.715936004074058,0.027972027972027972,429,5
GalaxyPPG,spectral,harmonized,False,NA,NA,classical_spectral,baseline,6.342268098419673,11.585575125098051,3.947368421099995,32.53100679261,0.06088992974238876,427,5
GalaxyPPG,spectral,harmonized,True,NA,NA,classical_spectral,baseline,6.342268098419673,11.585575125098051,3.947368421099995,32.53100679261,0.06088992974238876,427,5
GalaxyPPG,papagei,harmonized,True,per_window_zscore,NA,random_forest,tsst-speech,6.389163476999466,8.36617603652386,5.202412986551522,15.911395304208789,0.034482758620689655,435,5
GalaxyPPG,papagei,model_faithful,True,per_window_zscore,NA,random_forest,tsst-speech,6.389163476999466,8.36617603652386,5.202412986551522,15.911395304208789,0.034482758620689655,435,5
GalaxyPPG,papagei,harmonized,True,per_window_zscore,NA,random_forest,adaptation,6.5530120753900025,7.797626327100827,6.341938568141266,13.586675409719403,0.002702702702702703,740,5
GalaxyPPG,papagei,model_faithful,True,per_window_zscore,NA,random_forest,adaptation,6.5530120753900025,7.797626327100827,6.341938568141266,13.586675409719403,0.002702702702702703,740,5
GalaxyPPG,papagei,harmonized,True,per_window_zscore,NA,random_forest,meditation-1,6.612837800155073,8.221936273132107,5.522313518720537,15.735539386330792,0.0163265306122449,735,5
GalaxyPPG,papagei,model_faithful,True,per_window_zscore,NA,random_forest,meditation-1,6.612837800155073,8.221936273132107,5.522313518720537,15.735539386330792,0.0163265306122449,735,5
GalaxyPPG,papagei,harmonized,True,per_window_zscore,ridge,ridge,adaptation,6.799454719589596,8.26169776262992,6.220653801146874,15.293398576789983,0.00945945945945946,740,5
GalaxyPPG,papagei,model_faithful,True,per_window_zscore,ridge,ridge,adaptation,6.799454719589596,8.26169776262992,6.220653801146874,15.293398576789983,0.00945945945945946,740,5
GalaxyPPG,pulseppg,harmonized,False,per_window_zscore,ridge,ridge,standing,6.821068177398259,9.011935322893692,5.005051573432809,18.39048052884719,0.039627039627039624,429,5
GalaxyPPG,papagei,harmonized,True,per_window_zscore,linear,linear,tsst-speech,6.855590485824767,9.138553164104833,5.3576537841906315,17.539060093281797,0.03218390804597701,435,5
GalaxyPPG,papagei,model_faithful,True,per_window_zscore,linear,linear,tsst-speech,6.855590485824767,9.138553164104833,5.3576537841906315,17.539060093281797,0.03218390804597701,435,5
GalaxyPPG,papagei,harmonized,True,per_window_zscore,ridge,ridge,tsst-speech,6.885496645111902,9.240791110296996,5.37224123073203,17.708196894595535,0.034482758620689655,435,5
GalaxyPPG,papagei,model_faithful,True,per_window_zscore,ridge,ridge,tsst-speech,6.885496645111902,9.240791110296996,5.37224123073203,17.708196894595535,0.034482758620689655,435,5
GalaxyPPG,papagei,harmonized,False,per_window_zscore,ridge,ridge,tsst-speech,6.92635368292028,9.452152234529807,5.717445899655473,18.595654130973642,0.0367816091954023,435,5
GalaxyPPG,papagei,harmonized,True,per_window_zscore,linear,linear,adaptation,6.948915543572279,8.409956008973719,6.236941203076952,15.695947139566947,0.008108108108108109,740,5
GalaxyPPG,papagei,model_faithful,True,per_window_zscore,linear,linear,adaptation,6.948915543572279,8.409956008973719,6.236941203076952,15.695947139566947,0.008108108108108109,740,5
GalaxyPPG,pulseppg,harmonized,True,per_window_zscore,ridge,ridge,standing,6.994097303306718,8.9542368982853,5.745672394500005,18.206160102836087,0.03263403263403263,429,5
GalaxyPPG,pulseppg,model_faithful,True,per_window_zscore,ridge,ridge,standing,6.994097303306718,8.9542368982853,5.745672394500005,18.206160102836087,0.03263403263403263,429,5
GalaxyPPG,pulseppg,harmonized,False,per_window_zscore,ridge,ridge,mobile-typing,6.995455259194742,9.090999208515372,5.488626257139057,18.451228011880623,0.037209302325581395,430,5
GalaxyPPG,pulseppg,model_faithful,True,none,ridge,ridge,standing,6.996068167982815,8.95587221705531,5.7518522040703175,18.215428291312648,0.03263403263403263,429,5
GalaxyPPG,pulseppg,model_faithful,True,person_specific_zscore,ridge,ridge,standing,6.998216987808304,8.957097791069769,5.765039872889062,18.21766981774906,0.03263403263403263,429,5
GalaxyPPG,pulseppg,model_faithful,True,causal_running_zscore,ridge,ridge,standing,7.002178386415393,8.960645235956948,5.740678886092951,18.20556958769937,0.03263403263403263,429,5
GalaxyPPG,pulseppg,harmonized,True,per_window_zscore,linear,linear,standing,7.081137773206949,9.076233074707012,5.72848176890156,18.55724354472265,0.03496503496503497,429,5
GalaxyPPG,pulseppg,model_faithful,True,per_window_zscore,linear,linear,standing,7.081137773206949,9.076233074707012,5.72848176890156,18.55724354472265,0.03496503496503497,429,5
GalaxyPPG,pulseppg,model_faithful,True,none,linear,linear,standing,7.082396543275991,9.077736139478434,5.725887774760935,18.55735188212499,0.03496503496503497,429,5
GalaxyPPG,pulseppg,model_faithful,True,person_specific_zscore,linear,linear,standing,7.083446261109868,9.078508479851331,5.725682530976556,18.588614089156238,0.03496503496503497,429,5
GalaxyPPG,pulseppg,model_faithful,True,causal_running_zscore,linear,linear,standing,7.088486961173151,9.08251814416779,5.70754977477813,18.70732883319343,0.03496503496503497,429,5
GalaxyPPG,papagei,harmonized,True,per_window_zscore,ridge,ridge,meditation-1,7.1016452497305105,8.707521495571394,5.980800340529683,16.19347022740539,0.010884353741496598,735,5
GalaxyPPG,papagei,model_faithful,True,per_window_zscore,ridge,ridge,meditation-1,7.1016452497305105,8.707521495571394,5.980800340529683,16.19347022740539,0.010884353741496598,735,5
GalaxyPPG,papagei,harmonized,False,per_window_zscore,ridge,ridge,adaptation,7.1388494283667665,8.767153165534069,6.335782680118747,16.24964034892691,0.01756756756756757,740,5
GalaxyPPG,papagei,harmonized,True,per_window_zscore,linear,linear,meditation-1,7.1543330253821065,8.696135205084863,6.220832339851569,15.872937160162326,0.00816326530612245,735,5
GalaxyPPG,papagei,model_faithful,True,per_window_zscore,linear,linear,meditation-1,7.1543330253821065,8.696135205084863,6.220832339851569,15.872937160162326,0.00816326530612245,735,5
GalaxyPPG,papagei,harmonized,True,per_window_zscore,linear,linear,rest-1,7.20186752193492,9.140171306163003,5.9327763478390665,17.549008521448776,0.025089605734767026,279,5
GalaxyPPG,papagei,model_faithful,True,per_window_zscore,linear,linear,rest-1,7.20186752193492,9.140171306163003,5.9327763478390665,17.549008521448776,0.025089605734767026,279,5
GalaxyPPG,peak_based,harmonized,False,NA,NA,classical_peak,tsst-speech,7.238383098476674,11.611412326796925,4.0723981900529225,28.217794323810203,0.09885057471264368,435,5
GalaxyPPG,papagei,harmonized,True,per_window_zscore,ridge,ridge,rest-1,7.248100347861129,9.214392600805787,6.08004822201017,17.73492229247803,0.02867383512544803,279,5
GalaxyPPG,papagei,model_faithful,True,per_window_zscore,ridge,ridge,rest-1,7.248100347861129,9.214392600805787,6.08004822201017,17.73492229247803,0.02867383512544803,279,5
GalaxyPPG,papagei,harmonized,False,per_window_zscore,ridge,ridge,meditation-1,7.3618399449130845,9.34814977511952,5.876806047183209,18.719970233922503,0.024489795918367346,735,5
GalaxyPPG,papagei,harmonized,True,per_window_zscore,NA,random_forest,rest-3,7.372795472842701,9.369006506587997,5.837987828993704,18.04059863361534,0.03180212014134275,283,5
GalaxyPPG,papagei,model_faithful,True,per_window_zscore,NA,random_forest,rest-3,7.372795472842701,9.369006506587997,5.837987828993704,18.04059863361534,0.03180212014134275,283,5
GalaxyPPG,papagei,harmonized,True,per_window_zscore,linear,linear,rest-2,7.4400383301257245,9.28696321856302,6.398774769003907,19.383448418321564,0.0456140350877193,285,5
GalaxyPPG,papagei,model_faithful,True,per_window_zscore,linear,linear,rest-2,7.4400383301257245,9.28696321856302,6.398774769003907,19.383448418321564,0.0456140350877193,285,5
GalaxyPPG,papagei,harmonized,True,per_window_zscore,ridge,ridge,rest-2,7.440677937380841,9.322325757034811,6.539174292666402,19.659899797918442,0.0456140350877193,285,5
GalaxyPPG,papagei,model_faithful,True,per_window_zscore,ridge,ridge,rest-2,7.440677937380841,9.322325757034811,6.539174292666402,19.659899797918442,0.0456140350877193,285,5
GalaxyPPG,pulseppg,harmonized,True,per_window_zscore,ridge,ridge,tsst-speech,7.457505435550289,10.004398545835661,5.768151309557027,20.051662608895544,0.052873563218390804,435,5
GalaxyPPG,pulseppg,model_faithful,True,per_window_zscore,ridge,ridge,tsst-speech,7.457505435550289,10.004398545835661,5.768151309557027,20.051662608895544,0.052873563218390804,435,5
GalaxyPPG,pulseppg,model_faithful,True,none,ridge,ridge,tsst-speech,7.458401933254806,10.00472339491574,5.7902990982851605,20.048569652352572,0.052873563218390804,435,5
GalaxyPPG,pulseppg,model_faithful,True,causal_running_zscore,ridge,ridge,tsst-speech,7.46151627841072,10.009584869042154,5.792637622964847,20.11300764583773,0.05517241379310345,435,5
GalaxyPPG,pulseppg,model_faithful,True,person_specific_zscore,ridge,ridge,tsst-speech,7.464360166275332,10.009724633982275,5.803189075601566,20.03828427752789,0.052873563218390804,435,5
GalaxyPPG,papagei,harmonized,True,per_window_zscore,NA,random_forest,screen-reading,7.5501721295520365,9.189420226325355,6.205683685229587,16.380659647935442,0.02102803738317757,428,5
GalaxyPPG,papagei,model_faithful,True,per_window_zscore,NA,random_forest,screen-reading,7.5501721295520365,9.189420226325355,6.205683685229587,16.380659647935442,0.02102803738317757,428,5
GalaxyPPG,papagei,harmonized,True,per_window_zscore,NA,random_forest,rest-1,7.571097258478719,8.903467370159687,6.936890111123063,16.267427461068902,0.007168458781362007,279,5
GalaxyPPG,papagei,model_faithful,True,per_window_zscore,NA,random_forest,rest-1,7.571097258478719,8.903467370159687,6.936890111123063,16.267427461068902,0.007168458781362007,279,5
GalaxyPPG,pulseppg,model_faithful,True,none,linear,linear,tsst-speech,7.654497969853668,10.274614205506046,5.983463736471876,20.695301018553984,0.06206896551724138,435,5
GalaxyPPG,pulseppg,harmonized,True,per_window_zscore,linear,linear,tsst-speech,7.654673300467729,10.274445772375916,5.976520987448438,20.67374416430593,0.06206896551724138,435,5
GalaxyPPG,pulseppg,model_faithful,True,per_window_zscore,linear,linear,tsst-speech,7.654673300467729,10.274445772375916,5.976520987448438,20.67374416430593,0.06206896551724138,435,5
GalaxyPPG,pulseppg,model_faithful,True,causal_running_zscore,linear,linear,tsst-speech,7.6588419804808,10.280536494656662,5.993683841295308,20.65106124326824,0.06206896551724138,435,5
GalaxyPPG,pulseppg,model_faithful,True,person_specific_zscore,linear,linear,tsst-speech,7.65944126503652,10.279487797400114,5.9459390903187455,20.670747084193245,0.06206896551724138,435,5
GalaxyPPG,papagei,harmonized,True,per_window_zscore,ridge,ridge,rest-3,7.710740554829589,9.794838969004248,6.559189889964841,19.150475127200615,0.04240282685512368,283,5
GalaxyPPG,papagei,model_faithful,True,per_window_zscore,ridge,ridge,rest-3,7.710740554829589,9.794838969004248,6.559189889964841,19.150475127200615,0.04240282685512368,283,5
GalaxyPPG,papagei,harmonized,True,per_window_zscore,linear,linear,rest-3,7.729741202788802,9.82339727787138,6.259608697099225,19.12854697837393,0.038869257950530034,283,5
GalaxyPPG,papagei,model_faithful,True,per_window_zscore,linear,linear,rest-3,7.729741202788802,9.82339727787138,6.259608697099225,19.12854697837393,0.038869257950530034,283,5
GalaxyPPG,papagei,harmonized,True,per_window_zscore,NA,random_forest,baseline,7.735358618795299,9.287714345586638,7.239729043271495,15.731804483390288,0.0234192037470726,427,5
GalaxyPPG,papagei,model_faithful,True,per_window_zscore,NA,random_forest,baseline,7.735358618795299,9.287714345586638,7.239729043271495,15.731804483390288,0.0234192037470726,427,5
GalaxyPPG,papagei,harmonized,False,per_window_zscore,ridge,ridge,tsst-prep,7.738098154532982,9.353544838010171,7.022810999400001,17.43723631674178,0.011627906976744186,430,5
GalaxyPPG,pulseppg,harmonized,False,per_window_zscore,ridge,ridge,ssst-prep,7.747873390117044,10.12184964678187,6.166595140046098,21.113353300306674,0.07407407407407407,54,5
GalaxyPPG,papagei,harmonized,False,per_window_zscore,ridge,ridge,rest-3,7.772420270599548,10.72195500787977,5.529792861637503,21.432159469527807,0.0636042402826855,283,5
GalaxyPPG,papagei,harmonized,True,per_window_zscore,linear,linear,screen-reading,7.784796917817044,9.848833849505036,6.160395826003512,18.304570024107957,0.037383177570093455,428,5
GalaxyPPG,papagei,model_faithful,True,per_window_zscore,linear,linear,screen-reading,7.784796917817044,9.848833849505036,6.160395826003512,18.304570024107957,0.037383177570093455,428,5
GalaxyPPG,papagei,harmonized,True,per_window_zscore,ridge,ridge,screen-reading,7.7921666231130775,9.910464994937099,6.116111969878126,18.317827864809765,0.03271028037383177,428,5
GalaxyPPG,papagei,model_faithful,True,per_window_zscore,ridge,ridge,screen-reading,7.7921666231130775,9.910464994937099,6.116111969878126,18.317827864809765,0.03271028037383177,428,5
GalaxyPPG,papagei,harmonized,True,per_window_zscore,ridge,ridge,baseline,7.816810619964092,9.63310871309159,7.1401105321835985,17.011307034709215,0.03278688524590164,427,5
GalaxyPPG,papagei,model_faithful,True,per_window_zscore,ridge,ridge,baseline,7.816810619964092,9.63310871309159,7.1401105321835985,17.011307034709215,0.03278688524590164,427,5
GalaxyPPG,papagei,harmonized,False,per_window_zscore,ridge,ridge,screen-reading,7.850165431242905,10.014842122978534,6.059294952601171,18.978630797227382,0.04672897196261682,428,5
GalaxyPPG,pulseppg,harmonized,False,per_window_zscore,ridge,ridge,tsst-speech,7.859729155161463,10.68934917411229,5.808464723760935,21.611615210220467,0.059770114942528735,435,5
GalaxyPPG,papagei,harmonized,True,per_window_zscore,NA,random_forest,rest-2,7.896480811668736,9.403731299529417,7.815044056794179,16.64081095716201,0.014035087719298246,285,5
GalaxyPPG,papagei,model_faithful,True,per_window_zscore,NA,random_forest,rest-2,7.896480811668736,9.403731299529417,7.815044056794179,16.64081095716201,0.014035087719298246,285,5
GalaxyPPG,papagei,harmonized,True,per_window_zscore,linear,linear,baseline,7.901601801094579,9.775806666145797,6.9900625542953065,17.738973721298237,0.03747072599531616,427,5
GalaxyPPG,papagei,model_faithful,True,per_window_zscore,linear,linear,baseline,7.901601801094579,9.775806666145797,6.9900625542953065,17.738973721298237,0.03747072599531616,427,5
GalaxyPPG,papagei,harmonized,True,per_window_zscore,NA,random_forest,tsst-prep,7.949225110584222,9.426986205919977,7.240512174434571,17.0884472610024,0.023255813953488372,430,5
GalaxyPPG,papagei,model_faithful,True,per_window_zscore,NA,random_forest,tsst-prep,7.949225110584222,9.426986205919977,7.240512174434571,17.0884472610024,0.023255813953488372,430,5
GalaxyPPG,pulseppg,model_faithful,True,none,ridge,ridge,ssst-prep,7.952090609998589,9.691931347644172,6.907874212706254,19.990705411274103,0.05555555555555555,54,5
GalaxyPPG,pulseppg,harmonized,True,per_window_zscore,ridge,ridge,ssst-prep,7.955990572812355,9.69422880861373,6.937987432921091,19.983260266620782,0.05555555555555555,54,5
GalaxyPPG,pulseppg,model_faithful,True,per_window_zscore,ridge,ridge,ssst-prep,7.955990572812355,9.69422880861373,6.937987432921091,19.983260266620782,0.05555555555555555,54,5
GalaxyPPG,pulseppg,model_faithful,True,causal_running_zscore,ridge,ridge,ssst-prep,7.97107791242553,9.709905838200278,6.859191046202341,20.05025626881805,0.05555555555555555,54,5
GalaxyPPG,pulseppg,model_faithful,True,person_specific_zscore,ridge,ridge,ssst-prep,7.973934696822231,9.708856584190553,6.9203101257921915,19.996757428486017,0.05555555555555555,54,5
GalaxyPPG,pulseppg,model_faithful,True,none,linear,linear,ssst-prep,8.014119706813911,9.780313226035801,6.894470620623828,20.1043456242868,0.05555555555555555,54,5
GalaxyPPG,pulseppg,harmonized,True,per_window_zscore,linear,linear,ssst-prep,8.018931947414497,9.782671780707801,6.88511316823125,20.09630004628387,0.05555555555555555,54,5
GalaxyPPG,pulseppg,model_faithful,True,per_window_zscore,linear,linear,ssst-prep,8.018931947414497,9.782671780707801,6.88511316823125,20.09630004628387,0.05555555555555555,54,5
GalaxyPPG,pulseppg,model_faithful,True,causal_running_zscore,linear,linear,ssst-prep,8.033798741011683,9.798398316763759,6.8141330962097655,20.164907758075863,0.05555555555555555,54,5
GalaxyPPG,pulseppg,model_faithful,True,person_specific_zscore,linear,linear,ssst-prep,8.036654112557544,9.796807684260376,6.89897959279179,20.10684043629852,0.05555555555555555,54,5
GalaxyPPG,spectral,harmonized,False,NA,NA,classical_spectral,rest-1,8.065548321306451,14.662365439149054,3.424947145899999,40.199919335119965,0.12186379928315412,279,5
GalaxyPPG,spectral,harmonized,True,NA,NA,classical_spectral,rest-1,8.065548321306451,14.662365439149054,3.424947145899999,40.199919335119965,0.12186379928315412,279,5
GalaxyPPG,pulseppg,model_faithful,True,causal_running_zscore,NA,random_forest,rest-4,8.152119601830949,11.026123321590903,6.69880949252795,21.541349289698275,0.06761565836298933,281,5
GalaxyPPG,pulseppg,harmonized,True,per_window_zscore,NA,random_forest,rest-4,8.153353427458173,11.012219473302174,6.395026806555521,21.118497997468936,0.0711743772241993,281,5
GalaxyPPG,papagei,harmonized,False,per_window_zscore,ridge,ridge,rest-2,8.173090300937027,10.540592901399307,6.8724956378507756,19.12684679183578,0.04912280701754386,285,5
GalaxyPPG,papagei,harmonized,True,per_window_zscore,linear,linear,tsst-prep,8.18788123486931,10.080748631619187,7.3843998056671865,18.475747310933347,0.030232558139534883,430,5
GalaxyPPG,papagei,model_faithful,True,per_window_zscore,linear,linear,tsst-prep,8.18788123486931,10.080748631619187,7.3843998056671865,18.475747310933347,0.030232558139534883,430,5
GalaxyPPG,papagei,harmonized,True,per_window_zscore,ridge,ridge,tsst-prep,8.209051185560364,10.0776523073079,7.375036016983202,18.081447375999062,0.02558139534883721,430,5
GalaxyPPG,papagei,model_faithful,True,per_window_zscore,ridge,ridge,tsst-prep,8.209051185560364,10.0776523073079,7.375036016983202,18.081447375999062,0.02558139534883721,430,5
GalaxyPPG,papagei,harmonized,False,per_window_zscore,ridge,ridge,baseline,8.238033658774654,9.981360155694196,7.7703625457445185,16.942523392426562,0.02576112412177986,427,5
GalaxyPPG,peak_based,harmonized,True,NA,NA,classical_peak,tsst-speech,8.392563526075078,13.071743857393132,4.509777089247365,28.7156508775785,0.11954022988505747,435,5
GalaxyPPG,spectral,harmonized,False,NA,NA,classical_spectral,meditation-1,8.46433621238993,14.380645751401326,5.069930069899996,44.19284652938999,0.10612244897959183,735,5
GalaxyPPG,spectral,harmonized,True,NA,NA,classical_spectral,meditation-1,8.46433621238993,14.380645751401326,5.069930069899996,44.19284652938999,0.10612244897959183,735,5
GalaxyPPG,papagei,harmonized,False,per_window_zscore,ridge,ridge,mobile-typing,8.691467559449023,10.755002744626537,7.356829147332029,20.081300508462846,0.053488372093023255,430,5
GalaxyPPG,papagei,harmonized,False,per_window_zscore,ridge,ridge,ssst-prep,8.816318743261922,10.46846009891038,7.471975434080861,17.65415512566137,0.0,54,5
GalaxyPPG,papagei,harmonized,False,per_window_zscore,ridge,ridge,rest-1,8.848448246748994,12.186496698210407,6.770045958943754,26.57613041887709,0.07526881720430108,279,5
GalaxyPPG,papagei,harmonized,True,per_window_zscore,NA,random_forest,meditation-2,8.93524155208886,11.153762654719216,7.429860364069157,21.57460267116847,0.06703146374829001,731,5
GalaxyPPG,papagei,model_faithful,True,per_window_zscore,NA,random_forest,meditation-2,8.93524155208886,11.153762654719216,7.429860364069157,21.57460267116847,0.06703146374829001,731,5
GalaxyPPG,papagei,harmonized,True,per_window_zscore,ridge,ridge,meditation-2,8.946846057733575,11.305319748710804,7.178337135517182,21.646686183657813,0.06976744186046512,731,5
GalaxyPPG,papagei,model_faithful,True,per_window_zscore,ridge,ridge,meditation-2,8.946846057733575,11.305319748710804,7.178337135517182,21.646686183657813,0.06976744186046512,731,5
GalaxyPPG,papagei,harmonized,True,per_window_zscore,NA,random_forest,ssst-prep,8.982170034876908,10.342141063635227,7.879141925499283,19.773397753731505,0.05555555555555555,54,5
GalaxyPPG,papagei,model_faithful,True,per_window_zscore,NA,random_forest,ssst-prep,8.982170034876908,10.342141063635227,7.879141925499283,19.773397753731505,0.05555555555555555,54,5
GalaxyPPG,papagei,harmonized,True,per_window_zscore,linear,linear,meditation-2,9.035478784683411,11.379620633834817,7.537149772339063,21.901187334715623,0.07523939808481532,731,5
GalaxyPPG,papagei,model_faithful,True,per_window_zscore,linear,linear,meditation-2,9.035478784683411,11.379620633834817,7.537149772339063,21.901187334715623,0.07523939808481532,731,5
GalaxyPPG,papagei,harmonized,True,per_window_zscore,linear,linear,ssst-prep,9.05917860213591,10.698477353937298,8.480233957069927,21.917956114027376,0.09259259259259259,54,5
GalaxyPPG,papagei,model_faithful,True,per_window_zscore,linear,linear,ssst-prep,9.05917860213591,10.698477353937298,8.480233957069927,21.917956114027376,0.09259259259259259,54,5
GalaxyPPG,peak_based,harmonized,False,NA,NA,classical_peak,keyboard-typing,9.121898124020001,13.678799492103002,5.237294710952625,31.37863507704355,0.13225058004640372,431,5
GalaxyPPG,papagei,harmonized,False,per_window_zscore,ridge,ridge,standing,9.23068618577264,11.426450154939637,8.156819477105472,20.937377597138905,0.06993006993006994,429,5
GalaxyPPG,papagei,harmonized,True,per_window_zscore,ridge,ridge,ssst-prep,9.239741303475899,10.820799641472536,8.397147725215625,21.905028104994173,0.09259259259259259,54,5
GalaxyPPG,papagei,model_faithful,True,per_window_zscore,ridge,ridge,ssst-prep,9.239741303475899,10.820799641472536,8.397147725215625,21.905028104994173,0.09259259259259259,54,5
GalaxyPPG,spectral,harmonized,False,NA,NA,classical_spectral,mobile-typing,9.255745485434186,14.157743512611363,4.161648601600007,34.22423046299487,0.19069767441860466,430,5
GalaxyPPG,spectral,harmonized,True,NA,NA,classical_spectral,mobile-typing,9.255745485434186,14.157743512611363,4.161648601600007,34.22423046299487,0.19069767441860466,430,5
GalaxyPPG,papagei,harmonized,True,per_window_zscore,ridge,ridge,mobile-typing,9.532687415943482,11.748001576748377,8.2925487380082,21.8009682499157,0.08139534883720931,430,5
GalaxyPPG,papagei,model_faithful,True,per_window_zscore,ridge,ridge,mobile-typing,9.532687415943482,11.748001576748377,8.2925487380082,21.8009682499157,0.08139534883720931,430,5
GalaxyPPG,papagei,harmonized,True,per_window_zscore,linear,linear,mobile-typing,9.55449580496278,11.777248800617391,8.43494102579492,21.902114766970765,0.07906976744186046,430,5
GalaxyPPG,papagei,model_faithful,True,per_window_zscore,linear,linear,mobile-typing,9.55449580496278,11.777248800617391,8.43494102579492,21.902114766970765,0.07906976744186046,430,5
GalaxyPPG,peak_based,harmonized,False,NA,NA,classical_peak,ssst-sing,9.596620332797793,14.379236997874653,4.366830391600004,31.16328744483774,0.13559322033898305,59,5
GalaxyPPG,pulseppg,model_faithful,True,person_specific_zscore,ridge,ridge,rest-4,9.640351974604426,12.68576471789654,7.623008491778904,25.71615976309687,0.11743772241992882,281,5
GalaxyPPG,pulseppg,model_faithful,True,none,ridge,ridge,rest-4,9.645987354925127,12.692811959511427,7.661605598712498,25.65789525156876,0.11743772241992882,281,5
GalaxyPPG,pulseppg,harmonized,True,per_window_zscore,ridge,ridge,rest-4,9.646623554116077,12.694317414362283,7.639938118243748,25.662305041607794,0.11743772241992882,281,5
GalaxyPPG,pulseppg,model_faithful,True,per_window_zscore,ridge,ridge,rest-4,9.646623554116077,12.694317414362283,7.639938118243748,25.662305041607794,0.11743772241992882,281,5
GalaxyPPG,pulseppg,model_faithful,True,causal_running_zscore,ridge,ridge,rest-4,9.651714446551424,12.699178299903409,7.6070249102359355,25.70150487070937,0.11743772241992882,281,5
GalaxyPPG,papagei,harmonized,False,per_window_zscore,ridge,ridge,meditation-2,9.745917180120012,12.419256858819407,8.206926816663284,21.602193937353128,0.07523939808481532,731,5
GalaxyPPG,pulseppg,model_faithful,True,person_specific_zscore,linear,linear,rest-4,9.756070616869629,12.82926138143133,7.737909124157028,26.14960037113515,0.12811387900355872,281,5
GalaxyPPG,pulseppg,model_faithful,True,none,linear,linear,rest-4,9.764896275957996,12.839363896482991,7.804858382071089,26.14279550528437,0.13167259786476868,281,5
GalaxyPPG,pulseppg,harmonized,True,per_window_zscore,linear,linear,rest-4,9.76554694656277,12.840808776275606,7.7831198651335995,26.141368254435932,0.13167259786476868,281,5
GalaxyPPG,pulseppg,model_faithful,True,per_window_zscore,linear,linear,rest-4,9.76554694656277,12.840808776275606,7.7831198651335995,26.141368254435932,0.13167259786476868,281,5
GalaxyPPG,pulseppg,model_faithful,True,causal_running_zscore,linear,linear,rest-4,9.771750190118766,12.845699583252076,7.784129712003121,26.220126494182026,0.13167259786476868,281,5
GalaxyPPG,pulseppg,model_faithful,True,causal_running_zscore,NA,random_forest,ssst-sing,9.809220664891576,12.905256865696218,6.331568832788605,24.12935299570586,0.1694915254237288,59,5
GalaxyPPG,pulseppg,harmonized,True,per_window_zscore,NA,random_forest,ssst-sing,9.933052242259109,13.032439023980519,7.083762516246722,23.296904357813858,0.1864406779661017,59,5
GalaxyPPG,peak_based,harmonized,True,NA,NA,classical_peak,keyboard-typing,10.116264881346472,13.969609776989378,7.135869931900004,26.570275231547065,0.1368909512761021,431,5
GalaxyPPG,papagei,harmonized,True,per_window_zscore,NA,random_forest,standing,10.436565123093716,12.793240444847047,9.81904158190379,24.105308163393527,0.11188811188811189,429,5
GalaxyPPG,papagei,model_faithful,True,per_window_zscore,NA,random_forest,standing,10.436565123093716,12.793240444847047,9.81904158190379,24.105308163393527,0.11188811188811189,429,5
GalaxyPPG,papagei,harmonized,True,per_window_zscore,ridge,ridge,standing,10.437996739026044,13.103347184666234,8.870219582047653,24.851224721383247,0.10955710955710955,429,5
GalaxyPPG,papagei,model_faithful,True,per_window_zscore,ridge,ridge,standing,10.437996739026044,13.103347184666234,8.870219582047653,24.851224721383247,0.10955710955710955,429,5
GalaxyPPG,peak_based,harmonized,False,NA,NA,classical_peak,rest-4,10.509665669896757,18.2331056718548,3.431328945028568,38.5101010101,0.2099644128113879,281,5
GalaxyPPG,papagei,harmonized,True,per_window_zscore,linear,linear,standing,10.53639477013409,13.214413863664339,9.384137555329687,24.515078612141703,0.11421911421911422,429,5
GalaxyPPG,papagei,model_faithful,True,per_window_zscore,linear,linear,standing,10.53639477013409,13.214413863664339,9.384137555329687,24.515078612141703,0.11421911421911422,429,5
GalaxyPPG,pulseppg,harmonized,True,per_window_zscore,ridge,ridge,ssst-sing,10.690280906738844,13.441162962721231,10.038377028502339,26.897445893030937,0.1864406779661017,59,5
GalaxyPPG,pulseppg,model_faithful,True,per_window_zscore,ridge,ridge,ssst-sing,10.690280906738844,13.441162962721231,10.038377028502339,26.897445893030937,0.1864406779661017,59,5
GalaxyPPG,pulseppg,model_faithful,True,person_specific_zscore,ridge,ridge,ssst-sing,10.691470704350404,13.442024129732278,10.028208122521875,26.894745087366875,0.1864406779661017,59,5
GalaxyPPG,pulseppg,model_faithful,True,causal_running_zscore,ridge,ridge,ssst-sing,10.693078372952264,13.441411290163058,10.025101687974995,26.943270325403997,0.1864406779661017,59,5
GalaxyPPG,pulseppg,model_faithful,True,none,ridge,ridge,ssst-sing,10.693686396902876,13.443796949348478,10.02534602264295,26.90296194527703,0.1864406779661017,59,5
GalaxyPPG,pulseppg,harmonized,True,per_window_zscore,linear,linear,ssst-sing,10.716758683628894,13.574581809474084,9.552210197717201,27.449009918909848,0.1864406779661017,59,5
GalaxyPPG,pulseppg,model_faithful,True,per_window_zscore,linear,linear,ssst-sing,10.716758683628894,13.574581809474084,9.552210197717201,27.449009918909848,0.1864406779661017,59,5
GalaxyPPG,pulseppg,model_faithful,True,none,linear,linear,ssst-sing,10.719922102156273,13.577583986889632,9.552149162560937,27.452620148402048,0.1864406779661017,59,5
GalaxyPPG,pulseppg,model_faithful,True,person_specific_zscore,linear,linear,ssst-sing,10.72293066983702,13.576168602321328,9.533822085924214,27.45532934640008,0.1864406779661017,59,5
GalaxyPPG,pulseppg,model_faithful,True,causal_running_zscore,linear,linear,ssst-sing,10.722943213078874,13.57518511347308,9.550386772424218,27.44965689404133,0.1864406779661017,59,5
GalaxyPPG,papagei,harmonized,True,per_window_zscore,NA,random_forest,mobile-typing,10.748337380189378,12.906686214225354,10.242972157664909,21.925189178252392,0.1186046511627907,430,5
GalaxyPPG,papagei,model_faithful,True,per_window_zscore,NA,random_forest,mobile-typing,10.748337380189378,12.906686214225354,10.242972157664909,21.925189178252392,0.1186046511627907,430,5
GalaxyPPG,papagei,harmonized,False,per_window_zscore,ridge,ridge,ssst-sing,10.834811044047443,12.716061979780408,9.681160711485944,21.430755582877563,0.13559322033898305,59,5
GalaxyPPG,pulseppg,harmonized,False,per_window_zscore,ridge,ridge,rest-4,10.903863976135465,14.648906091613062,8.561485526775783,26.46283028605704,0.1708185053380783,281,5
GalaxyPPG,peak_based,harmonized,True,NA,NA,classical_peak,rest-4,11.207423121871738,19.069568332331094,4.240823136800003,40.986382770827234,0.21071428571428572,280,5
GalaxyPPG,papagei,harmonized,False,per_window_zscore,ridge,ridge,keyboard-typing,11.22823754767928,14.462819640567133,9.367091619580464,31.2449639375875,0.14153132250580047,431,5
GalaxyPPG,pulseppg,harmonized,False,per_window_zscore,ridge,ridge,ssst-sing,11.317994150156588,14.406557580963737,8.224831550876559,26.29429780829992,0.2033898305084746,59,5
GalaxyPPG,peak_based,harmonized,True,NA,NA,classical_peak,ssst-sing,11.396150159296031,16.340405600981963,7.105459985028574,29.968957127278948,0.22033898305084745,59,5
GalaxyPPG,papagei,harmonized,True,per_window_zscore,NA,random_forest,ssst-sing,11.462635805146537,14.230000519584099,8.591460234486647,28.591892114775636,0.1694915254237288,59,5
GalaxyPPG,papagei,model_faithful,True,per_window_zscore,NA,random_forest,ssst-sing,11.462635805146537,14.230000519584099,8.591460234486647,28.591892114775636,0.1694915254237288,59,5
GalaxyPPG,papagei,harmonized,True,per_window_zscore,ridge,ridge,rest-4,11.636740935634549,14.497673778054907,9.857994221798435,27.094825336525787,0.13167259786476868,281,5
GalaxyPPG,papagei,model_faithful,True,per_window_zscore,ridge,ridge,rest-4,11.636740935634549,14.497673778054907,9.857994221798435,27.094825336525787,0.13167259786476868,281,5
GalaxyPPG,spectral,harmonized,False,NA,NA,classical_spectral,meditation-2,11.69877247887004,17.919675647819485,6.190398219800002,45.361445783099995,0.2270861833105335,731,5
GalaxyPPG,spectral,harmonized,True,NA,NA,classical_spectral,meditation-2,11.69877247887004,17.919675647819485,6.190398219800002,45.361445783099995,0.2270861833105335,731,5
GalaxyPPG,papagei,harmonized,True,per_window_zscore,ridge,ridge,ssst-sing,11.849080418096817,14.427245195241358,9.846769652345316,26.075592896741462,0.22033898305084745,59,5
GalaxyPPG,papagei,model_faithful,True,per_window_zscore,ridge,ridge,ssst-sing,11.849080418096817,14.427245195241358,9.846769652345316,26.075592896741462,0.22033898305084745,59,5
GalaxyPPG,papagei,harmonized,True,per_window_zscore,linear,linear,ssst-sing,11.892957141310747,14.532871960311253,9.625322617863276,27.252612508873266,0.22033898305084745,59,5
GalaxyPPG,papagei,model_faithful,True,per_window_zscore,linear,linear,ssst-sing,11.892957141310747,14.532871960311253,9.625322617863276,27.252612508873266,0.22033898305084745,59,5
GalaxyPPG,papagei,harmonized,True,per_window_zscore,linear,linear,rest-4,12.034554205803657,15.645530466625106,9.846366543105475,32.79294830012188,0.1423487544483986,281,5
GalaxyPPG,papagei,model_faithful,True,per_window_zscore,linear,linear,rest-4,12.034554205803657,15.645530466625106,9.846366543105475,32.79294830012188,0.1423487544483986,281,5
GalaxyPPG,peak_based,harmonized,True,NA,NA,classical_peak,rest-5,12.166400171486531,21.745401421307108,4.309252865326464,57.997106556995256,0.20710059171597633,338,5
GalaxyPPG,spectral,harmonized,False,NA,NA,classical_spectral,rest-2,12.168621442332983,20.491056917876904,5.217391304299994,49.818726177319995,0.19649122807017544,285,5
GalaxyPPG,spectral,harmonized,True,NA,NA,classical_spectral,rest-2,12.168621442332983,20.491056917876904,5.217391304299994,49.818726177319995,0.19649122807017544,285,5
GalaxyPPG,papagei,harmonized,True,per_window_zscore,NA,random_forest,rest-4,12.380451613126112,15.080552497471327,10.831255628782898,28.53947085514136,0.16725978647686832,281,5
GalaxyPPG,papagei,model_faithful,True,per_window_zscore,NA,random_forest,rest-4,12.380451613126112,15.080552497471327,10.831255628782898,28.53947085514136,0.16725978647686832,281,5
GalaxyPPG,peak_based,harmonized,False,NA,NA,classical_peak,rest-5,12.622430889131484,22.058499084382948,4.6158646172846005,57.48496938779362,0.22123893805309736,339,5
GalaxyPPG,papagei,harmonized,False,per_window_zscore,ridge,ridge,rest-4,12.73430051057233,16.325258770181048,10.803258229457029,30.940338095221094,0.14590747330960854,281,5
GalaxyPPG,spectral,harmonized,False,NA,NA,classical_spectral,screen-reading,13.013586063032244,19.41877634696547,5.230431028999995,46.065950920239935,0.3130841121495327,428,5
GalaxyPPG,spectral,harmonized,True,NA,NA,classical_spectral,screen-reading,13.013586063032244,19.41877634696547,5.230431028999995,46.065950920239935,0.3130841121495327,428,5
GalaxyPPG,pulseppg,model_faithful,True,causal_running_zscore,ridge,ridge,rest-5,13.188885490106227,20.237093947160666,7.704522924451567,50.260119279108984,0.2153392330383481,339,5
GalaxyPPG,pulseppg,model_faithful,True,none,ridge,ridge,rest-5,13.189353261501962,20.22597019046227,7.718957738904692,50.159958564590454,0.2153392330383481,339,5
GalaxyPPG,pulseppg,harmonized,True,per_window_zscore,ridge,ridge,rest-5,13.189830762575028,20.227589017762817,7.710550146131254,50.16820822889709,0.2153392330383481,339,5
GalaxyPPG,pulseppg,model_faithful,True,per_window_zscore,ridge,ridge,rest-5,13.189830762575028,20.227589017762817,7.710550146131254,50.16820822889709,0.2153392330383481,339,5
GalaxyPPG,pulseppg,model_faithful,True,person_specific_zscore,ridge,ridge,rest-5,13.193820425549394,20.2449287757311,7.816720800428129,50.27412329847718,0.2153392330383481,339,5
GalaxyPPG,pulseppg,model_faithful,True,causal_running_zscore,linear,linear,rest-5,13.213721509903452,20.194715019652154,7.718992761949224,48.95434207734395,0.2182890855457227,339,5
GalaxyPPG,pulseppg,model_faithful,True,none,linear,linear,rest-5,13.213840729913285,20.183497987847296,7.76407485423438,48.95300091750451,0.22123893805309736,339,5
GalaxyPPG,pulseppg,harmonized,True,per_window_zscore,linear,linear,rest-5,13.214545875014917,20.18527172443861,7.754461817125005,48.95680722243615,0.22123893805309736,339,5
GalaxyPPG,pulseppg,model_faithful,True,per_window_zscore,linear,linear,rest-5,13.214545875014917,20.18527172443861,7.754461817125005,48.95680722243615,0.22123893805309736,339,5
GalaxyPPG,pulseppg,model_faithful,True,person_specific_zscore,linear,linear,rest-5,13.217187307370086,20.20194957354353,7.706244043687505,48.91576184279747,0.2182890855457227,339,5
GalaxyPPG,pulseppg,harmonized,False,per_window_zscore,ridge,ridge,rest-5,13.441133078010173,19.67346134781413,7.9542540079351625,45.87122885692025,0.22123893805309736,339,5
GalaxyPPG,pulseppg,harmonized,True,per_window_zscore,NA,random_forest,keyboard-typing,13.578863549179284,16.98442425814353,11.175088441327517,33.15547258524201,0.24129930394431554,431,5
GalaxyPPG,pulseppg,model_faithful,True,causal_running_zscore,NA,random_forest,keyboard-typing,13.651110622922513,16.94822236717944,11.13923361583906,33.463628532940675,0.24129930394431554,431,5
GalaxyPPG,pulseppg,harmonized,True,per_window_zscore,NA,random_forest,rest-5,13.80517940758622,21.969949383270546,6.4619773685518425,55.94174750141574,0.23893805309734514,339,5
GalaxyPPG,pulseppg,model_faithful,True,person_specific_zscore,ridge,ridge,keyboard-typing,13.832019259465948,17.868915090443384,11.047303177194536,37.23309773806328,0.2459396751740139,431,5
GalaxyPPG,pulseppg,model_faithful,True,none,ridge,ridge,keyboard-typing,13.838867274320922,17.87609310853193,11.122666336374223,37.33297414187189,0.2459396751740139,431,5
GalaxyPPG,pulseppg,harmonized,True,per_window_zscore,ridge,ridge,keyboard-typing,13.839519959287184,17.876827203979218,11.125748611764848,37.32310170534845,0.2459396751740139,431,5
GalaxyPPG,pulseppg,model_faithful,True,per_window_zscore,ridge,ridge,keyboard-typing,13.839519959287184,17.876827203979218,11.125748611764848,37.32310170534845,0.2459396751740139,431,5
GalaxyPPG,pulseppg,model_faithful,True,causal_running_zscore,ridge,ridge,keyboard-typing,13.841098731312872,17.877090378177034,11.07094667084688,37.29755467776056,0.2459396751740139,431,5
GalaxyPPG,pulseppg,model_faithful,True,person_specific_zscore,linear,linear,keyboard-typing,13.87498993173164,17.945221563730403,10.737777461978126,37.755004416957036,0.23897911832946636,431,5
GalaxyPPG,pulseppg,model_faithful,True,none,linear,linear,keyboard-typing,13.883117796024148,17.953457912831198,10.767948138385151,37.77817488814844,0.24129930394431554,431,5
GalaxyPPG,pulseppg,harmonized,True,per_window_zscore,linear,linear,keyboard-typing,13.883708383737469,17.954064340942676,10.76013921734922,37.78864241744532,0.24129930394431554,431,5
GalaxyPPG,pulseppg,model_faithful,True,per_window_zscore,linear,linear,keyboard-typing,13.883708383737469,17.954064340942676,10.76013921734922,37.78864241744532,0.24129930394431554,431,5
GalaxyPPG,pulseppg,model_faithful,True,causal_running_zscore,linear,linear,keyboard-typing,13.885103660154506,17.955506473911058,10.763225543170321,37.83903838302149,0.24129930394431554,431,5
GalaxyPPG,pulseppg,model_faithful,True,causal_running_zscore,NA,random_forest,rest-5,13.900153051317172,21.952443133746215,6.415399454822108,55.81707926482048,0.22418879056047197,339,5
GalaxyPPG,spectral,harmonized,False,NA,NA,classical_spectral,rest-3,13.940878267055476,21.172345098110704,6.506849315099998,45.8953376427,0.23674911660777384,283,5
GalaxyPPG,spectral,harmonized,True,NA,NA,classical_spectral,rest-3,13.940878267055476,21.172345098110704,6.506849315099998,45.8953376427,0.23674911660777384,283,5
GalaxyPPG,pulseppg,harmonized,True,per_window_zscore,NA,random_forest,jogging,14.368502255690421,17.917691167617917,11.612173842723358,35.19826204664641,0.26785714285714285,280,5
GalaxyPPG,pulseppg,harmonized,False,per_window_zscore,ridge,ridge,keyboard-typing,14.4248955381154,18.436344901934653,11.614896450628123,38.41298167469805,0.2668213457076566,431,5
GalaxyPPG,papagei,harmonized,True,per_window_zscore,ridge,ridge,keyboard-typing,14.53841166104357,17.94253490201074,12.807036239917949,35.25121142758789,0.2529002320185615,431,5
GalaxyPPG,papagei,model_faithful,True,per_window_zscore,ridge,ridge,keyboard-typing,14.53841166104357,17.94253490201074,12.807036239917949,35.25121142758789,0.2529002320185615,431,5
GalaxyPPG,papagei,harmonized,True,per_window_zscore,linear,linear,keyboard-typing,14.675876776370643,18.143397790295168,12.498602407878124,34.80058081564336,0.2552204176334107,431,5
GalaxyPPG,papagei,model_faithful,True,per_window_zscore,linear,linear,keyboard-typing,14.675876776370643,18.143397790295168,12.498602407878124,34.80058081564336,0.2552204176334107,431,5
GalaxyPPG,pulseppg,model_faithful,True,causal_running_zscore,NA,random_forest,jogging,14.761794531564783,18.32640306679552,12.610730809464549,36.32864855782877,0.2857142857142857,280,5
GalaxyPPG,papagei,harmonized,True,per_window_zscore,NA,random_forest,keyboard-typing,15.024264159949457,18.318666946264727,12.327225446189388,35.60478970148676,0.271461716937355,431,5
GalaxyPPG,papagei,model_faithful,True,per_window_zscore,NA,random_forest,keyboard-typing,15.024264159949457,18.318666946264727,12.327225446189388,35.60478970148676,0.271461716937355,431,5
GalaxyPPG,spectral,harmonized,False,NA,NA,classical_spectral,standing,15.567436714337527,24.479529021551734,6.231511253999997,57.04081632650001,0.2680652680652681,429,5
GalaxyPPG,spectral,harmonized,True,NA,NA,classical_spectral,standing,15.567436714337527,24.479529021551734,6.231511253999997,57.04081632650001,0.2680652680652681,429,5
GalaxyPPG,pulseppg,harmonized,False,per_window_zscore,ridge,ridge,walking,15.710054872695096,19.23832006779583,14.037896401521095,37.93792983874711,0.29856115107913667,278,5
GalaxyPPG,pulseppg,model_faithful,True,causal_running_zscore,NA,random_forest,walking,16.425122421986774,19.702790891610423,16.061167295975523,37.185907569905,0.32014388489208634,278,5
GalaxyPPG,pulseppg,harmonized,True,per_window_zscore,NA,random_forest,walking,16.48371650129635,19.692555176103543,15.833833099051837,36.47473335159425,0.3273381294964029,278,5
GalaxyPPG,pulseppg,model_faithful,True,causal_running_zscore,linear,linear,walking,16.862790512089507,20.064252654206438,15.424511350295312,35.47641714281018,0.35611510791366907,278,5
GalaxyPPG,pulseppg,harmonized,True,per_window_zscore,linear,linear,walking,16.869703649182373,20.068944506935107,15.469116648011713,35.51288221544202,0.35611510791366907,278,5
GalaxyPPG,pulseppg,model_faithful,True,per_window_zscore,linear,linear,walking,16.869703649182373,20.068944506935107,15.469116648011713,35.51288221544202,0.35611510791366907,278,5
GalaxyPPG,pulseppg,model_faithful,True,none,linear,linear,walking,16.870294735151486,20.06875794292639,15.471493204408205,35.52367475694592,0.35611510791366907,278,5
GalaxyPPG,pulseppg,model_faithful,True,person_specific_zscore,linear,linear,walking,16.872498614748007,20.070179066023584,15.390012706073058,35.50012853807386,0.35611510791366907,278,5
GalaxyPPG,pulseppg,model_faithful,True,causal_running_zscore,ridge,ridge,walking,16.9709004953006,20.086633173395565,15.465814837497653,34.73197332230795,0.35611510791366907,278,5
GalaxyPPG,pulseppg,harmonized,True,per_window_zscore,ridge,ridge,walking,16.97597343889884,20.090469379715593,15.483319940173828,34.62488790360678,0.35611510791366907,278,5
GalaxyPPG,pulseppg,model_faithful,True,per_window_zscore,ridge,ridge,walking,16.97597343889884,20.090469379715593,15.483319940173828,34.62488790360678,0.35611510791366907,278,5
GalaxyPPG,pulseppg,model_faithful,True,none,ridge,ridge,walking,16.976242471109604,20.090100737627814,15.474733056628907,34.631224878704444,0.35611510791366907,278,5
GalaxyPPG,pulseppg,model_faithful,True,person_specific_zscore,ridge,ridge,walking,16.98151517154972,20.094296330690657,15.501424493396485,34.619828273332885,0.35611510791366907,278,5
GalaxyPPG,papagei,harmonized,False,per_window_zscore,ridge,ridge,walking,17.925922290347916,22.109854561788534,15.871212619398435,42.050349972379166,0.3776978417266187,278,5
GalaxyPPG,papagei,harmonized,True,per_window_zscore,NA,random_forest,walking,18.240419464133822,20.81175575123549,17.61310995806815,36.0058446819588,0.39568345323741005,278,5
GalaxyPPG,papagei,model_faithful,True,per_window_zscore,NA,random_forest,walking,18.240419464133822,20.81175575123549,17.61310995806815,36.0058446819588,0.39568345323741005,278,5
GalaxyPPG,peak_based,harmonized,False,NA,NA,classical_peak,walking,18.558780265437086,26.739402640158293,9.207474727282019,52.463846004810534,0.3129496402877698,278,5
GalaxyPPG,peak_based,harmonized,True,NA,NA,classical_peak,walking,18.597079151390833,25.68580559459762,10.601917207807134,49.920446325684445,0.37410071942446044,278,5
GalaxyPPG,papagei,harmonized,True,per_window_zscore,NA,random_forest,rest-5,18.725067201502153,26.020741843664688,12.452522833550631,59.90806582120551,0.30383480825958703,339,5
GalaxyPPG,papagei,model_faithful,True,per_window_zscore,NA,random_forest,rest-5,18.725067201502153,26.020741843664688,12.452522833550631,59.90806582120551,0.30383480825958703,339,5
GalaxyPPG,pulseppg,harmonized,False,per_window_zscore,ridge,ridge,jogging,19.17784835376753,23.234588801119212,16.719880908103903,41.224283927989724,0.40714285714285714,280,5
GalaxyPPG,spectral,harmonized,False,NA,NA,classical_spectral,tsst-prep,19.56279838596,27.515758187290714,7.292218227750006,57.2146507666,0.3953488372093023,430,5
GalaxyPPG,spectral,harmonized,True,NA,NA,classical_spectral,tsst-prep,19.56279838596,27.515758187290714,7.292218227750006,57.2146507666,0.3953488372093023,430,5
GalaxyPPG,pulseppg,model_faithful,True,none,linear,linear,jogging,20.096879230403538,24.455937390928927,18.553172165214846,45.447774399711186,0.44285714285714284,280,5
GalaxyPPG,pulseppg,model_faithful,True,causal_running_zscore,linear,linear,jogging,20.10197839073417,24.459353524140383,18.46933561800313,45.46395558257251,0.44285714285714284,280,5
GalaxyPPG,pulseppg,harmonized,True,per_window_zscore,linear,linear,jogging,20.102873127977826,24.460971965915032,18.559235419387505,45.44873150725513,0.44285714285714284,280,5
GalaxyPPG,pulseppg,model_faithful,True,per_window_zscore,linear,linear,jogging,20.102873127977826,24.460971965915032,18.559235419387505,45.44873150725513,0.44285714285714284,280,5
GalaxyPPG,pulseppg,model_faithful,True,person_specific_zscore,linear,linear,jogging,20.108667762115658,24.466157264024314,18.486336538375,45.43485020537526,0.44285714285714284,280,5
GalaxyPPG,pulseppg,model_faithful,True,none,ridge,ridge,jogging,20.14604292428136,24.485723066768458,18.390214247183593,44.49717701811937,0.4642857142857143,280,5
GalaxyPPG,pulseppg,model_faithful,True,causal_running_zscore,ridge,ridge,jogging,20.151761508124718,24.49087449881048,18.435502333121093,44.5076292886272,0.4642857142857143,280,5
GalaxyPPG,pulseppg,harmonized,True,per_window_zscore,ridge,ridge,jogging,20.15257799115845,24.49153772021637,18.41649751134375,44.497128189994385,0.4642857142857143,280,5
GalaxyPPG,pulseppg,model_faithful,True,per_window_zscore,ridge,ridge,jogging,20.15257799115845,24.49153772021637,18.41649751134375,44.497128189994385,0.4642857142857143,280,5
GalaxyPPG,pulseppg,model_faithful,True,person_specific_zscore,ridge,ridge,jogging,20.15986343465583,24.497177964841914,18.436570448355468,44.4825156106487,0.4642857142857143,280,5
GalaxyPPG,papagei,harmonized,True,per_window_zscore,ridge,ridge,rest-5,20.329098393752805,27.80990945924781,13.562246725745325,61.99989896446271,0.37168141592920356,339,5
GalaxyPPG,papagei,model_faithful,True,per_window_zscore,ridge,ridge,rest-5,20.329098393752805,27.80990945924781,13.562246725745325,61.99989896446271,0.37168141592920356,339,5
GalaxyPPG,papagei,harmonized,True,per_window_zscore,linear,linear,rest-5,20.599438734196525,28.30319602172018,13.690817926137498,63.64952648639632,0.3805309734513274,339,5
GalaxyPPG,papagei,model_faithful,True,per_window_zscore,linear,linear,rest-5,20.599438734196525,28.30319602172018,13.690817926137498,63.64952648639632,0.3805309734513274,339,5
GalaxyPPG,papagei,harmonized,False,per_window_zscore,ridge,ridge,rest-5,21.117453069194017,28.199312770460203,14.058665631732808,60.63636459601554,0.41297935103244837,339,5
GalaxyPPG,papagei,harmonized,True,per_window_zscore,ridge,ridge,walking,22.459160685797272,26.90379249994669,20.45667832392266,48.11274361968929,0.5107913669064749,278,5
GalaxyPPG,papagei,model_faithful,True,per_window_zscore,ridge,ridge,walking,22.459160685797272,26.90379249994669,20.45667832392266,48.11274361968929,0.5107913669064749,278,5
GalaxyPPG,papagei,harmonized,True,per_window_zscore,linear,linear,walking,22.945851994961867,28.350792851285046,20.169753311818752,53.864703822312656,0.5035971223021583,278,5
GalaxyPPG,papagei,model_faithful,True,per_window_zscore,linear,linear,walking,22.945851994961867,28.350792851285046,20.169753311818752,53.864703822312656,0.5035971223021583,278,5
GalaxyPPG,papagei,harmonized,True,per_window_zscore,linear,linear,jogging,23.715549339833522,27.988432629972138,22.33965464603672,48.59752223998527,0.5714285714285714,280,5
GalaxyPPG,papagei,model_faithful,True,per_window_zscore,linear,linear,jogging,23.715549339833522,27.988432629972138,22.33965464603672,48.59752223998527,0.5714285714285714,280,5
GalaxyPPG,papagei,harmonized,True,per_window_zscore,ridge,ridge,jogging,23.890415047563582,27.94502075759382,23.00888835646561,47.20887260468862,0.5821428571428572,280,5
GalaxyPPG,papagei,model_faithful,True,per_window_zscore,ridge,ridge,jogging,23.890415047563582,27.94502075759382,23.00888835646561,47.20887260468862,0.5821428571428572,280,5
GalaxyPPG,spectral,harmonized,False,NA,NA,classical_spectral,rest-4,24.275018789953737,31.52436959414927,20.8616904501,56.0101010101,0.5160142348754448,281,5
GalaxyPPG,spectral,harmonized,True,NA,NA,classical_spectral,rest-4,24.275018789953737,31.52436959414927,20.8616904501,56.0101010101,0.5160142348754448,281,5
GalaxyPPG,spectral,harmonized,False,NA,NA,classical_spectral,ssst-sing,24.429516807074574,32.95059138804449,22.519243743999994,61.96142093205,0.559322033898305,59,5
GalaxyPPG,spectral,harmonized,True,NA,NA,classical_spectral,ssst-sing,24.429516807074574,32.95059138804449,22.519243743999994,61.96142093205,0.559322033898305,59,5
GalaxyPPG,pulseppg,harmonized,False,per_window_zscore,ridge,ridge,running,24.69054398453051,30.083241602137292,22.39226842576562,55.558266102441564,0.5451263537906137,277,5
GalaxyPPG,spectral,harmonized,False,NA,NA,classical_spectral,keyboard-typing,26.245947532076563,29.635941873167404,29.6268656716,46.46352090415,0.6496519721577726,431,5
GalaxyPPG,spectral,harmonized,True,NA,NA,classical_spectral,keyboard-typing,26.245947532076563,29.635941873167404,29.6268656716,46.46352090415,0.6496519721577726,431,5
GalaxyPPG,pulseppg,model_faithful,True,person_specific_zscore,ridge,ridge,running,27.144937415279212,32.62235958887097,26.036819836766398,56.653277071492795,0.5776173285198556,277,5
GalaxyPPG,pulseppg,model_faithful,True,person_specific_zscore,linear,linear,running,27.14826793051841,32.64276078530348,25.597473235168763,56.75751943911171,0.5776173285198556,277,5
GalaxyPPG,pulseppg,model_faithful,True,causal_running_zscore,ridge,ridge,running,27.167420607475172,32.64088039175454,26.05009398763437,56.732485445516225,0.5776173285198556,277,5
GalaxyPPG,pulseppg,harmonized,True,per_window_zscore,ridge,ridge,running,27.168037514257524,32.641399350045695,26.03886351888437,56.77740579463734,0.5776173285198556,277,5
GalaxyPPG,pulseppg,model_faithful,True,per_window_zscore,ridge,ridge,running,27.168037514257524,32.641399350045695,26.03886351888437,56.77740579463734,0.5776173285198556,277,5
GalaxyPPG,pulseppg,model_faithful,True,none,ridge,ridge,running,27.17005302401786,32.64328575809312,25.99662719075937,56.790761812703735,0.5776173285198556,277,5
GalaxyPPG,pulseppg,model_faithful,True,causal_running_zscore,linear,linear,running,27.17200741131856,32.6627699147153,25.555252165832826,56.86364584292029,0.5776173285198556,277,5
GalaxyPPG,pulseppg,harmonized,True,per_window_zscore,linear,linear,running,27.172786711278366,32.66303079754699,25.493545622864076,56.91247701967813,0.5776173285198556,277,5
GalaxyPPG,pulseppg,model_faithful,True,per_window_zscore,linear,linear,running,27.172786711278366,32.66303079754699,25.493545622864076,56.91247701967813,0.5776173285198556,277,5
GalaxyPPG,pulseppg,model_faithful,True,none,linear,linear,running,27.174748071617593,32.664755674297695,25.469604582825013,56.928248504053116,0.5776173285198556,277,5
GalaxyPPG,pulseppg,model_faithful,True,causal_running_zscore,NA,random_forest,running,27.22761964662709,31.22940361726824,26.83887937364281,52.25402264754028,0.6823104693140795,277,5
GalaxyPPG,pulseppg,harmonized,True,per_window_zscore,NA,random_forest,running,27.57993973349586,31.722166089750008,27.273969312357252,53.2718443403941,0.6678700361010831,277,5
GalaxyPPG,papagei,harmonized,True,per_window_zscore,NA,random_forest,jogging,28.45235069877425,32.06879672965613,29.034858835001863,51.540731988309176,0.7071428571428572,280,5
GalaxyPPG,papagei,model_faithful,True,per_window_zscore,NA,random_forest,jogging,28.45235069877425,32.06879672965613,29.034858835001863,51.540731988309176,0.7071428571428572,280,5
GalaxyPPG,spectral,harmonized,False,NA,NA,classical_spectral,tsst-speech,28.776232313241604,35.56792785033083,37.758620689699995,56.08124756471,0.6091954022988506,435,5
GalaxyPPG,spectral,harmonized,True,NA,NA,classical_spectral,tsst-speech,28.776232313241604,35.56792785033083,37.758620689699995,56.08124756471,0.6091954022988506,435,5
GalaxyPPG,papagei,harmonized,False,per_window_zscore,ridge,ridge,jogging,28.776314680971733,35.740250584192836,26.214501942103908,58.555125540240205,0.6285714285714286,280,5
GalaxyPPG,peak_based,harmonized,True,NA,NA,classical_peak,jogging,29.19484176974473,34.8081902819183,28.33177280811516,64.10496927733665,0.6357142857142857,280,5
GalaxyPPG,spectral,harmonized,False,NA,NA,classical_spectral,ssst-prep,29.89539080925185,38.46939376181189,41.9442397082,60.023923444960005,0.5370370370370371,54,5
GalaxyPPG,spectral,harmonized,True,NA,NA,classical_spectral,ssst-prep,29.89539080925185,38.46939376181189,41.9442397082,60.023923444960005,0.5370370370370371,54,5
GalaxyPPG,peak_based,harmonized,False,NA,NA,classical_peak,jogging,29.909667911098676,35.38493275188716,30.30002802276553,65.42544028584338,0.6285714285714286,280,5
GalaxyPPG,spectral,harmonized,False,NA,NA,classical_spectral,walking,32.844001564829135,38.37419731178058,40.0834724541,60.212559174275,0.6546762589928058,278,5
GalaxyPPG,spectral,harmonized,True,NA,NA,classical_spectral,walking,32.844001564829135,38.37419731178058,40.0834724541,60.212559174275,0.6546762589928058,278,5
GalaxyPPG,spectral,harmonized,False,NA,NA,classical_spectral,rest-5,33.971805265773746,49.59048110733554,10.808477237000005,103.28782134814,0.46607669616519176,339,5
GalaxyPPG,spectral,harmonized,True,NA,NA,classical_spectral,rest-5,33.971805265773746,49.59048110733554,10.808477237000005,103.28782134814,0.46607669616519176,339,5
GalaxyPPG,peak_based,harmonized,True,NA,NA,classical_peak,running,40.42880373922741,53.516486307503705,24.494272483563634,91.59378036926665,0.5487364620938628,277,5
GalaxyPPG,peak_based,harmonized,False,NA,NA,classical_peak,running,41.28985789085705,53.86442561606456,28.47152847156363,93.88002458123182,0.5631768953068592,277,5
GalaxyPPG,papagei,harmonized,False,per_window_zscore,ridge,ridge,running,41.699485924822824,48.238027538432114,39.391651199251555,82.32869428661813,0.7906137184115524,277,5
GalaxyPPG,papagei,harmonized,True,per_window_zscore,linear,linear,running,43.02154569930129,47.70666715241062,45.13023262126015,74.69560203907469,0.8339350180505415,277,5
GalaxyPPG,papagei,model_faithful,True,per_window_zscore,linear,linear,running,43.02154569930129,47.70666715241062,45.13023262126015,74.69560203907469,0.8339350180505415,277,5
GalaxyPPG,papagei,harmonized,True,per_window_zscore,ridge,ridge,running,43.384977283800644,47.51910169570051,45.46949043002812,72.88641044848967,0.8808664259927798,277,5
GalaxyPPG,papagei,model_faithful,True,per_window_zscore,ridge,ridge,running,43.384977283800644,47.51910169570051,45.46949043002812,72.88641044848967,0.8808664259927798,277,5
GalaxyPPG,papagei,harmonized,True,per_window_zscore,NA,random_forest,running,45.17152074124377,48.895694271684526,45.201088562732366,76.91994955606266,0.9061371841155235,277,5
GalaxyPPG,papagei,model_faithful,True,per_window_zscore,NA,random_forest,running,45.17152074124377,48.895694271684526,45.201088562732366,76.91994955606266,0.9061371841155235,277,5
GalaxyPPG,spectral,harmonized,False,NA,NA,classical_spectral,jogging,55.8602421598425,62.14827510432532,58.40753024309999,105.3759398496,0.9035714285714286,280,5
GalaxyPPG,spectral,harmonized,True,NA,NA,classical_spectral,jogging,55.8602421598425,62.14827510432532,58.40753024309999,105.3759398496,0.9035714285714286,280,5
GalaxyPPG,spectral,harmonized,False,NA,NA,classical_spectral,running,57.62170412193068,70.08867647146187,70.42780748659999,117.68999646521999,0.7148014440433214,277,5
GalaxyPPG,spectral,harmonized,True,NA,NA,classical_spectral,running,57.62170412193068,70.08867647146187,70.42780748659999,117.68999646521999,0.7148014440433214,277,5
